"","goid","BP","CC","MF","sum","BP1","BP2","BP3","BP4","BP5","BP6","BP7","CC1","CC2","CC3","CC4","CC5","CC6","CC7","MF1","MF2","MF3","MF4","MF5","MF6","MF7"
"1","GO:0000003",NA,1,1,NA,"GO:0008150",NA,NA,NA,NA,NA,NA,NA,NA,NA,NA,NA,NA,NA,NA,NA,NA,NA,NA,NA,NA
"2","GO:0000165",NA,1,1,NA,NA,"GO:0044699","GO:0044763","GO:0007154","GO:0007165","GO:0035556",NA,NA,NA,NA,NA,NA,NA,NA,NA,NA,NA,NA,NA,NA,NA
"3","GO:0000166",1,1,NA,NA,NA,NA,NA,NA,NA,NA,NA,NA,NA,NA,NA,NA,NA,NA,NA,"GO:0005488","GO:1901363","GO:1901265",NA,NA,NA
"4","GO:0000228",1,NA,1,NA,NA,NA,NA,NA,NA,NA,NA,NA,"GO:0044464","GO:0005622","GO:0044424","GO:0043229","GO:0070013","GO:0031981",NA,NA,NA,NA,NA,NA,NA
"5","GO:0000229",1,NA,1,NA,NA,NA,NA,NA,NA,NA,NA,NA,"GO:0005623","GO:0044464","GO:0005622","GO:0044424","GO:0005737","GO:0044444",NA,NA,NA,NA,NA,NA,NA
"6","GO:0000375",NA,1,1,NA,NA,"GO:0008152","GO:0071704","GO:0043170","GO:0010467","GO:0006396","GO:0008380",NA,NA,NA,NA,NA,NA,NA,NA,NA,NA,NA,NA,NA,NA
"7","GO:0000398",NA,1,1,NA,NA,"GO:0009987","GO:0044237","GO:0044260","GO:0016070","GO:0016071","GO:0006397",NA,NA,NA,NA,NA,NA,NA,NA,NA,NA,NA,NA,NA,NA
"8","GO:0000910",NA,1,1,NA,NA,"GO:0044699","GO:0044763","GO:0051301","GO:0022402",NA,NA,NA,NA,NA,NA,NA,NA,NA,NA,NA,NA,NA,NA,NA,NA
"9","GO:0000981",1,1,NA,NA,NA,NA,NA,NA,NA,NA,NA,NA,NA,NA,NA,NA,NA,NA,NA,"GO:0001071","GO:0003700",NA,NA,NA,NA
"10","GO:0000988",1,1,NA,NA,NA,NA,NA,NA,NA,NA,NA,NA,NA,NA,NA,NA,NA,NA,"GO:0003674",NA,NA,NA,NA,NA,NA
"11","GO:0000989",1,1,NA,NA,NA,NA,NA,NA,NA,NA,NA,NA,NA,NA,NA,NA,NA,NA,NA,"GO:0000988",NA,NA,NA,NA,NA
"12","GO:0000990",1,1,NA,NA,NA,NA,NA,NA,NA,NA,NA,NA,NA,NA,NA,NA,NA,NA,NA,"GO:0000988",NA,NA,NA,NA,NA
"13","GO:0000991",1,1,NA,NA,NA,NA,NA,NA,NA,NA,NA,NA,NA,NA,NA,NA,NA,NA,NA,"GO:0000988","GO:0000990",NA,NA,NA,NA
"14","GO:0000995",1,1,NA,NA,NA,NA,NA,NA,NA,NA,NA,NA,NA,NA,NA,NA,NA,NA,NA,"GO:0000988","GO:0000990",NA,NA,NA,NA
"15","GO:0001007",1,1,NA,NA,NA,NA,NA,NA,NA,NA,NA,NA,NA,NA,NA,NA,NA,NA,NA,"GO:0000988","GO:0000989",NA,NA,NA,NA
"16","GO:0001070",1,1,NA,NA,NA,NA,NA,NA,NA,NA,NA,NA,NA,NA,NA,NA,NA,NA,NA,"GO:0001071",NA,NA,NA,NA,NA
"17","GO:0001071",1,1,NA,NA,NA,NA,NA,NA,NA,NA,NA,NA,NA,NA,NA,NA,NA,NA,"GO:0003674",NA,NA,NA,NA,NA,NA
"18","GO:0001076",1,1,NA,NA,NA,NA,NA,NA,NA,NA,NA,NA,NA,NA,NA,NA,NA,NA,NA,"GO:0000988","GO:0000989",NA,NA,NA,NA
"19","GO:0001082",1,1,NA,NA,NA,NA,NA,NA,NA,NA,NA,NA,NA,NA,NA,NA,NA,NA,NA,"GO:0000988","GO:0000989",NA,NA,NA,NA
"20","GO:0001167",1,1,NA,NA,NA,NA,NA,NA,NA,NA,NA,NA,NA,NA,NA,NA,NA,NA,NA,"GO:0001071","GO:0003700",NA,NA,NA,NA
"21","GO:0001501",NA,1,1,NA,NA,"GO:0032502","GO:0048856","GO:0007275","GO:0048731",NA,NA,NA,NA,NA,NA,NA,NA,NA,NA,NA,NA,NA,NA,NA,NA
"22","GO:0001525",NA,1,1,NA,NA,"GO:0032502","GO:0048856","GO:0048731","GO:0001944","GO:0001568","GO:0048514",NA,NA,NA,NA,NA,NA,NA,NA,NA,NA,NA,NA,NA,NA
"23","GO:0001678",NA,1,1,NA,NA,"GO:0065007","GO:0065008","GO:0042592","GO:0048878","GO:0055082","GO:0042593",NA,NA,NA,NA,NA,NA,NA,NA,NA,NA,NA,NA,NA,NA
"24","GO:0001816",NA,1,1,NA,NA,"GO:0044699","GO:0044707",NA,NA,NA,NA,NA,NA,NA,NA,NA,NA,NA,NA,NA,NA,NA,NA,NA,NA
"25","GO:0001906",NA,1,1,NA,"GO:0008150",NA,NA,NA,NA,NA,NA,NA,NA,NA,NA,NA,NA,NA,NA,NA,NA,NA,NA,NA,NA
"26","GO:0002376",NA,1,1,NA,"GO:0008150",NA,NA,NA,NA,NA,NA,NA,NA,NA,NA,NA,NA,NA,NA,NA,NA,NA,NA,NA,NA
"27","GO:0002446",NA,1,1,NA,NA,"GO:0002376","GO:0002252","GO:0002443","GO:0002444",NA,NA,NA,NA,NA,NA,NA,NA,NA,NA,NA,NA,NA,NA,NA,NA
"28","GO:0002447",NA,1,1,NA,NA,"GO:0002376","GO:0002252","GO:0002443","GO:0002444",NA,NA,NA,NA,NA,NA,NA,NA,NA,NA,NA,NA,NA,NA,NA,NA
"29","GO:0002504",NA,1,1,NA,NA,"GO:0002376","GO:0019882",NA,NA,NA,NA,NA,NA,NA,NA,NA,NA,NA,NA,NA,NA,NA,NA,NA,NA
"30","GO:0002560",NA,1,1,NA,NA,"GO:0002376","GO:0002252","GO:0002443","GO:0002444",NA,NA,NA,NA,NA,NA,NA,NA,NA,NA,NA,NA,NA,NA,NA,NA
"31","GO:0003008",NA,1,1,NA,NA,"GO:0032501",NA,NA,NA,NA,NA,NA,NA,NA,NA,NA,NA,NA,NA,NA,NA,NA,NA,NA,NA
"32","GO:0003674",1,1,NA,NA,NA,NA,NA,NA,NA,NA,NA,NA,NA,NA,NA,NA,NA,NA,NA,NA,NA,NA,NA,NA,NA
"33","GO:0003676",1,1,NA,NA,NA,NA,NA,NA,NA,NA,NA,NA,NA,NA,NA,NA,NA,NA,NA,"GO:0005488","GO:1901363",NA,NA,NA,NA
"34","GO:0003677",1,1,NA,NA,NA,NA,NA,NA,NA,NA,NA,NA,NA,NA,NA,NA,NA,NA,NA,"GO:0005488","GO:1901363","GO:0003676",NA,NA,NA
"35","GO:0003678",1,1,NA,NA,NA,NA,NA,NA,NA,NA,NA,NA,NA,NA,NA,NA,NA,NA,NA,NA,NA,NA,NA,NA,NA
"36","GO:0003682",1,1,NA,NA,NA,NA,NA,NA,NA,NA,NA,NA,NA,NA,NA,NA,NA,NA,NA,"GO:0005488","GO:0044877",NA,NA,NA,NA
"37","GO:0003684",1,1,NA,NA,NA,NA,NA,NA,NA,NA,NA,NA,NA,NA,NA,NA,NA,NA,NA,"GO:0005488","GO:1901363","GO:0003676","GO:0003677",NA,NA
"38","GO:0003688",1,1,NA,NA,NA,NA,NA,NA,NA,NA,NA,NA,NA,NA,NA,NA,NA,NA,NA,"GO:0005488","GO:1901363","GO:0003676","GO:0003677","GO:0043565","GO:1990837"
"39","GO:0003690",1,1,NA,NA,NA,NA,NA,NA,NA,NA,NA,NA,NA,NA,NA,NA,NA,NA,NA,"GO:0005488","GO:1901363","GO:0003676","GO:0003677",NA,NA
"40","GO:0003697",1,1,NA,NA,NA,NA,NA,NA,NA,NA,NA,NA,NA,NA,NA,NA,NA,NA,NA,"GO:0005488","GO:1901363","GO:0003676","GO:0003677",NA,NA
"41","GO:0003700",1,1,NA,NA,NA,NA,NA,NA,NA,NA,NA,NA,NA,NA,NA,NA,NA,NA,NA,"GO:0001071",NA,NA,NA,NA,NA
"42","GO:0003712",1,1,NA,NA,NA,NA,NA,NA,NA,NA,NA,NA,NA,NA,NA,NA,NA,NA,NA,"GO:0000988","GO:0000989",NA,NA,NA,NA
"43","GO:0003723",1,1,NA,NA,NA,NA,NA,NA,NA,NA,NA,NA,NA,NA,NA,NA,NA,NA,NA,"GO:0005488","GO:1901363","GO:0003676",NA,NA,NA
"44","GO:0003724",1,1,NA,NA,NA,NA,NA,NA,NA,NA,NA,NA,NA,NA,NA,NA,NA,NA,NA,NA,NA,NA,NA,NA,NA
"45","GO:0003729",1,1,NA,NA,NA,NA,NA,NA,NA,NA,NA,NA,NA,NA,NA,NA,NA,NA,NA,"GO:0005488","GO:1901363","GO:0003676","GO:0003723","GO:0044822",NA
"46","GO:0003735",1,1,NA,NA,NA,NA,NA,NA,NA,NA,NA,NA,NA,NA,NA,NA,NA,NA,NA,"GO:0005198",NA,NA,NA,NA,NA
"47","GO:0003743",1,1,NA,NA,NA,NA,NA,NA,NA,NA,NA,NA,NA,NA,NA,NA,NA,NA,NA,"GO:0005488","GO:1901363","GO:0003676","GO:0003723","GO:0008135",NA
"48","GO:0003746",1,1,NA,NA,NA,NA,NA,NA,NA,NA,NA,NA,NA,NA,NA,NA,NA,NA,NA,"GO:0005488","GO:1901363","GO:0003676","GO:0003723","GO:0008135",NA
"49","GO:0003747",1,1,NA,NA,NA,NA,NA,NA,NA,NA,NA,NA,NA,NA,NA,NA,NA,NA,NA,"GO:0005488","GO:1901363","GO:0003676","GO:0003723","GO:0008135","GO:0008079"
"50","GO:0003756",1,1,NA,NA,NA,NA,NA,NA,NA,NA,NA,NA,NA,NA,NA,NA,NA,NA,NA,"GO:0003824","GO:0016853","GO:0016860","GO:0016864",NA,NA
"51","GO:0003774",1,1,NA,NA,NA,NA,NA,NA,NA,NA,NA,NA,NA,NA,NA,NA,NA,NA,NA,"GO:0003824","GO:0016787","GO:0016817","GO:0016818","GO:0016462","GO:0017111"
"52","GO:0003777",1,1,NA,NA,NA,NA,NA,NA,NA,NA,NA,NA,NA,NA,NA,NA,NA,NA,NA,NA,NA,NA,NA,NA,NA
"53","GO:0003779",1,1,NA,NA,NA,NA,NA,NA,NA,NA,NA,NA,NA,NA,NA,NA,NA,NA,NA,"GO:0005488","GO:0005515","GO:0008092",NA,NA,NA
"54","GO:0003823",1,1,NA,NA,NA,NA,NA,NA,NA,NA,NA,NA,NA,NA,NA,NA,NA,NA,NA,"GO:0005488",NA,NA,NA,NA,NA
"55","GO:0003824",1,1,NA,NA,NA,NA,NA,NA,NA,NA,NA,NA,NA,NA,NA,NA,NA,NA,"GO:0003674",NA,NA,NA,NA,NA,NA
"56","GO:0003887",1,1,NA,NA,NA,NA,NA,NA,NA,NA,NA,NA,NA,NA,NA,NA,NA,NA,NA,"GO:0003824","GO:0016740","GO:0016772","GO:0016779","GO:0034061",NA
"57","GO:0003896",1,1,NA,NA,NA,NA,NA,NA,NA,NA,NA,NA,NA,NA,NA,NA,NA,NA,NA,"GO:0003824","GO:0016740","GO:0016772","GO:0016779","GO:0034062","GO:0003899"
"58","GO:0003899",1,1,NA,NA,NA,NA,NA,NA,NA,NA,NA,NA,NA,NA,NA,NA,NA,NA,NA,"GO:0003824","GO:0016740","GO:0016772","GO:0016779","GO:0034062",NA
"59","GO:0003909",1,1,NA,NA,NA,NA,NA,NA,NA,NA,NA,NA,NA,NA,NA,NA,NA,NA,NA,"GO:0003824","GO:0016874","GO:0016886",NA,NA,NA
"60","GO:0003916",1,1,NA,NA,NA,NA,NA,NA,NA,NA,NA,NA,NA,NA,NA,NA,NA,NA,NA,"GO:0003824","GO:0016853",NA,NA,NA,NA
"61","GO:0003924",1,1,NA,NA,NA,NA,NA,NA,NA,NA,NA,NA,NA,NA,NA,NA,NA,NA,NA,"GO:0003824","GO:0016787","GO:0016817","GO:0016818","GO:0016462","GO:0017111"
"62","GO:0003964",1,1,NA,NA,NA,NA,NA,NA,NA,NA,NA,NA,NA,NA,NA,NA,NA,NA,NA,"GO:0003824","GO:0016740","GO:0016772","GO:0016779","GO:0034061",NA
"63","GO:0004016",1,1,NA,NA,NA,NA,NA,NA,NA,NA,NA,NA,NA,NA,NA,NA,NA,NA,NA,"GO:0003824","GO:0016829","GO:0016849",NA,NA,NA
"64","GO:0004190",1,1,NA,NA,NA,NA,NA,NA,NA,NA,NA,NA,NA,NA,NA,NA,NA,NA,NA,"GO:0003824","GO:0016787","GO:0008233","GO:0070011","GO:0070001",NA
"65","GO:0004383",1,1,NA,NA,NA,NA,NA,NA,NA,NA,NA,NA,NA,NA,NA,NA,NA,NA,NA,"GO:0003824","GO:0016829","GO:0016849",NA,NA,NA
"66","GO:0004386",1,1,NA,NA,NA,NA,NA,NA,NA,NA,NA,NA,NA,NA,NA,NA,NA,NA,NA,"GO:0003824","GO:0016787","GO:0016817","GO:0016818","GO:0016462","GO:0017111"
"67","GO:0004518",1,1,NA,NA,NA,NA,NA,NA,NA,NA,NA,NA,NA,NA,NA,NA,NA,NA,NA,"GO:0003824","GO:0016787","GO:0016788",NA,NA,NA
"68","GO:0004520",1,1,NA,NA,NA,NA,NA,NA,NA,NA,NA,NA,NA,NA,NA,NA,NA,NA,NA,"GO:0003824","GO:0016787","GO:0016788","GO:0004518","GO:0004536",NA
"69","GO:0004521",1,1,NA,NA,NA,NA,NA,NA,NA,NA,NA,NA,NA,NA,NA,NA,NA,NA,NA,"GO:0003824","GO:0016787","GO:0016788","GO:0004518","GO:0004540",NA
"70","GO:0004529",1,1,NA,NA,NA,NA,NA,NA,NA,NA,NA,NA,NA,NA,NA,NA,NA,NA,NA,"GO:0003824","GO:0016787","GO:0016788","GO:0004518","GO:0004536",NA
"71","GO:0004532",1,1,NA,NA,NA,NA,NA,NA,NA,NA,NA,NA,NA,NA,NA,NA,NA,NA,NA,"GO:0003824","GO:0016787","GO:0016788","GO:0004518","GO:0004540",NA
"72","GO:0004553",1,1,NA,NA,NA,NA,NA,NA,NA,NA,NA,NA,NA,NA,NA,NA,NA,NA,NA,"GO:0003824","GO:0016787","GO:0016798",NA,NA,NA
"73","GO:0004601",1,1,NA,NA,NA,NA,NA,NA,NA,NA,NA,NA,NA,NA,NA,NA,NA,NA,NA,"GO:0003824","GO:0016491","GO:0016684",NA,NA,NA
"74","GO:0004620",1,1,NA,NA,NA,NA,NA,NA,NA,NA,NA,NA,NA,NA,NA,NA,NA,NA,NA,"GO:0003824","GO:0016787","GO:0016788","GO:0016298",NA,NA
"75","GO:0004645",1,1,NA,NA,NA,NA,NA,NA,NA,NA,NA,NA,NA,NA,NA,NA,NA,NA,NA,"GO:0003824","GO:0016740","GO:0016757","GO:0016758",NA,NA
"76","GO:0004672",1,1,NA,NA,NA,NA,NA,NA,NA,NA,NA,NA,NA,NA,NA,NA,NA,NA,NA,"GO:0003824","GO:0016740","GO:0016772","GO:0016773",NA,NA
"77","GO:0004675",1,1,NA,NA,NA,NA,NA,NA,NA,NA,NA,NA,NA,NA,NA,NA,NA,NA,NA,"GO:0060089","GO:0004872","GO:0099600","GO:0004888","GO:0019199","GO:0019199"
"78","GO:0004714",1,1,NA,NA,NA,NA,NA,NA,NA,NA,NA,NA,NA,NA,NA,NA,NA,NA,NA,"GO:0060089","GO:0004872","GO:0099600","GO:0004888","GO:0019199","GO:0019199"
"79","GO:0004715",1,1,NA,NA,NA,NA,NA,NA,NA,NA,NA,NA,NA,NA,NA,NA,NA,NA,NA,"GO:0003824","GO:0016740","GO:0016772","GO:0016773","GO:0004672","GO:0004713"
"80","GO:0004721",1,1,NA,NA,NA,NA,NA,NA,NA,NA,NA,NA,NA,NA,NA,NA,NA,NA,NA,"GO:0003824","GO:0016787","GO:0016788","GO:0042578","GO:0016791",NA
"81","GO:0004801",1,1,NA,NA,NA,NA,NA,NA,NA,NA,NA,NA,NA,NA,NA,NA,NA,NA,NA,"GO:0003824","GO:0016740","GO:0016744",NA,NA,NA
"82","GO:0004802",1,1,NA,NA,NA,NA,NA,NA,NA,NA,NA,NA,NA,NA,NA,NA,NA,NA,NA,"GO:0003824","GO:0016740","GO:0016744",NA,NA,NA
"83","GO:0004812",1,1,NA,NA,NA,NA,NA,NA,NA,NA,NA,NA,NA,NA,NA,NA,NA,NA,NA,"GO:0003824","GO:0016874","GO:0016875","GO:0016876",NA,NA
"84","GO:0004842",1,1,NA,NA,NA,NA,NA,NA,NA,NA,NA,NA,NA,NA,NA,NA,NA,NA,NA,"GO:0003824","GO:0016740","GO:0019787",NA,NA,NA
"85","GO:0004857",1,1,NA,NA,NA,NA,NA,NA,NA,NA,NA,NA,NA,NA,NA,NA,NA,NA,NA,"GO:0098772","GO:0030234",NA,NA,NA,NA
"86","GO:0004867",1,1,NA,NA,NA,NA,NA,NA,NA,NA,NA,NA,NA,NA,NA,NA,NA,NA,NA,"GO:0098772","GO:0030234","GO:0061134","GO:0061135","GO:0004866",NA
"87","GO:0004869",1,1,NA,NA,NA,NA,NA,NA,NA,NA,NA,NA,NA,NA,NA,NA,NA,NA,NA,"GO:0098772","GO:0030234","GO:0061134","GO:0061135","GO:0004866",NA
"88","GO:0004871",1,1,NA,NA,NA,NA,NA,NA,NA,NA,NA,NA,NA,NA,NA,NA,NA,NA,"GO:0003674",NA,NA,NA,NA,NA,NA
"89","GO:0004872",1,1,NA,NA,NA,NA,NA,NA,NA,NA,NA,NA,NA,NA,NA,NA,NA,NA,NA,"GO:0060089",NA,NA,NA,NA,NA
"90","GO:0004879",1,1,NA,NA,NA,NA,NA,NA,NA,NA,NA,NA,NA,NA,NA,NA,NA,NA,NA,"GO:0001071","GO:0003700","GO:0098531",NA,NA,NA
"91","GO:0004896",1,1,NA,NA,NA,NA,NA,NA,NA,NA,NA,NA,NA,NA,NA,NA,NA,NA,NA,"GO:0060089","GO:0004872","GO:0099600","GO:0004888",NA,NA
"92","GO:0004904",1,1,NA,NA,NA,NA,NA,NA,NA,NA,NA,NA,NA,NA,NA,NA,NA,NA,NA,"GO:0060089","GO:0004872","GO:0099600","GO:0004888","GO:0004896",NA
"93","GO:0004930",1,1,NA,NA,NA,NA,NA,NA,NA,NA,NA,NA,NA,NA,NA,NA,NA,NA,NA,"GO:0060089","GO:0004872","GO:0099600","GO:0004888",NA,NA
"94","GO:0005024",1,1,NA,NA,NA,NA,NA,NA,NA,NA,NA,NA,NA,NA,NA,NA,NA,NA,NA,"GO:0060089","GO:0004872","GO:0099600","GO:0004888","GO:0019199","GO:0004675"
"95","GO:0005031",1,1,NA,NA,NA,NA,NA,NA,NA,NA,NA,NA,NA,NA,NA,NA,NA,NA,NA,"GO:0060089","GO:0004872","GO:0099600","GO:0004888","GO:0005035",NA
"96","GO:0005085",1,1,NA,NA,NA,NA,NA,NA,NA,NA,NA,NA,NA,NA,NA,NA,NA,NA,NA,"GO:0098772",NA,NA,NA,NA,NA
"97","GO:0005102",1,1,NA,NA,NA,NA,NA,NA,NA,NA,NA,NA,NA,NA,NA,NA,NA,NA,NA,"GO:0005488","GO:0005515",NA,NA,NA,NA
"98","GO:0005125",1,1,NA,NA,NA,NA,NA,NA,NA,NA,NA,NA,NA,NA,NA,NA,NA,NA,NA,"GO:0005488","GO:0005515","GO:0005102",NA,NA,NA
"99","GO:0005126",1,1,NA,NA,NA,NA,NA,NA,NA,NA,NA,NA,NA,NA,NA,NA,NA,NA,NA,"GO:0005488","GO:0005515","GO:0005102",NA,NA,NA
"100","GO:0005132",1,1,NA,NA,NA,NA,NA,NA,NA,NA,NA,NA,NA,NA,NA,NA,NA,NA,NA,"GO:0005488","GO:0044877","GO:0032403","GO:0005126",NA,NA
"101","GO:0005133",1,1,NA,NA,NA,NA,NA,NA,NA,NA,NA,NA,NA,NA,NA,NA,NA,NA,NA,"GO:0005488","GO:0005515","GO:0005102","GO:0005126",NA,NA
"102","GO:0005134",1,1,NA,NA,NA,NA,NA,NA,NA,NA,NA,NA,NA,NA,NA,NA,NA,NA,NA,"GO:0005488","GO:0005515","GO:0005102","GO:0070851",NA,NA
"103","GO:0005135",1,1,NA,NA,NA,NA,NA,NA,NA,NA,NA,NA,NA,NA,NA,NA,NA,NA,NA,"GO:0005488","GO:0005515","GO:0005102","GO:0070851",NA,NA
"104","GO:0005136",1,1,NA,NA,NA,NA,NA,NA,NA,NA,NA,NA,NA,NA,NA,NA,NA,NA,NA,"GO:0005488","GO:0005515","GO:0005102","GO:0070851",NA,NA
"105","GO:0005137",1,1,NA,NA,NA,NA,NA,NA,NA,NA,NA,NA,NA,NA,NA,NA,NA,NA,NA,"GO:0005488","GO:0005515","GO:0005102","GO:0070851",NA,NA
"106","GO:0005138",1,1,NA,NA,NA,NA,NA,NA,NA,NA,NA,NA,NA,NA,NA,NA,NA,NA,NA,"GO:0005488","GO:0005515","GO:0005102","GO:0070851",NA,NA
"107","GO:0005139",1,1,NA,NA,NA,NA,NA,NA,NA,NA,NA,NA,NA,NA,NA,NA,NA,NA,NA,"GO:0005488","GO:0005515","GO:0005102","GO:0070851",NA,NA
"108","GO:0005140",1,1,NA,NA,NA,NA,NA,NA,NA,NA,NA,NA,NA,NA,NA,NA,NA,NA,NA,"GO:0005488","GO:0005515","GO:0005102","GO:0070851",NA,NA
"109","GO:0005141",1,1,NA,NA,NA,NA,NA,NA,NA,NA,NA,NA,NA,NA,NA,NA,NA,NA,NA,"GO:0005488","GO:0005515","GO:0005102","GO:0070851",NA,NA
"110","GO:0005142",1,1,NA,NA,NA,NA,NA,NA,NA,NA,NA,NA,NA,NA,NA,NA,NA,NA,NA,"GO:0005488","GO:0005515","GO:0005102","GO:0070851",NA,NA
"111","GO:0005143",1,1,NA,NA,NA,NA,NA,NA,NA,NA,NA,NA,NA,NA,NA,NA,NA,NA,NA,"GO:0005488","GO:0005515","GO:0005102","GO:0070851",NA,NA
"112","GO:0005144",1,1,NA,NA,NA,NA,NA,NA,NA,NA,NA,NA,NA,NA,NA,NA,NA,NA,NA,"GO:0005488","GO:0005515","GO:0005102","GO:0005126",NA,NA
"113","GO:0005160",1,1,NA,NA,NA,NA,NA,NA,NA,NA,NA,NA,NA,NA,NA,NA,NA,NA,NA,"GO:0005488","GO:0005515","GO:0005102","GO:0005126",NA,NA
"114","GO:0005164",1,1,NA,NA,NA,NA,NA,NA,NA,NA,NA,NA,NA,NA,NA,NA,NA,NA,NA,"GO:0005488","GO:0005515","GO:0005102","GO:0005126","GO:0032813",NA
"115","GO:0005165",1,1,NA,NA,NA,NA,NA,NA,NA,NA,NA,NA,NA,NA,NA,NA,NA,NA,NA,"GO:0005488","GO:0005515","GO:0005102","GO:0005126",NA,NA
"116","GO:0005179",1,1,NA,NA,NA,NA,NA,NA,NA,NA,NA,NA,NA,NA,NA,NA,NA,NA,NA,"GO:0005488","GO:0005515","GO:0005102",NA,NA,NA
"117","GO:0005184",1,1,NA,NA,NA,NA,NA,NA,NA,NA,NA,NA,NA,NA,NA,NA,NA,NA,NA,"GO:0005488","GO:0005515","GO:0005102","GO:0005179",NA,NA
"118","GO:0005198",1,1,NA,NA,NA,NA,NA,NA,NA,NA,NA,NA,NA,NA,NA,NA,NA,NA,"GO:0003674",NA,NA,NA,NA,NA,NA
"119","GO:0005200",1,1,NA,NA,NA,NA,NA,NA,NA,NA,NA,NA,NA,NA,NA,NA,NA,NA,NA,"GO:0005198",NA,NA,NA,NA,NA
"120","GO:0005201",1,1,NA,NA,NA,NA,NA,NA,NA,NA,NA,NA,NA,NA,NA,NA,NA,NA,NA,"GO:0005198",NA,NA,NA,NA,NA
"121","GO:0005215",1,1,NA,NA,NA,NA,NA,NA,NA,NA,NA,NA,NA,NA,NA,NA,NA,NA,"GO:0003674",NA,NA,NA,NA,NA,NA
"122","GO:0005216",1,1,NA,NA,NA,NA,NA,NA,NA,NA,NA,NA,NA,NA,NA,NA,NA,NA,NA,"GO:0005215","GO:0022892","GO:0022891","GO:0022838","GO:0022838",NA
"123","GO:0005243",1,1,NA,NA,NA,NA,NA,NA,NA,NA,NA,NA,NA,NA,NA,NA,NA,NA,NA,"GO:0005215","GO:0022857","GO:0022803","GO:0015267","GO:0022829",NA
"124","GO:0005244",1,1,NA,NA,NA,NA,NA,NA,NA,NA,NA,NA,NA,NA,NA,NA,NA,NA,NA,"GO:0005215","GO:0022857","GO:0022803","GO:0015267","GO:0022836","GO:0022832"
"125","GO:0005245",1,1,NA,NA,NA,NA,NA,NA,NA,NA,NA,NA,NA,NA,NA,NA,NA,NA,NA,NA,NA,NA,NA,NA,NA
"126","GO:0005246",1,1,NA,NA,NA,NA,NA,NA,NA,NA,NA,NA,NA,NA,NA,NA,NA,NA,NA,"GO:0098772","GO:0016247",NA,NA,NA,NA
"127","GO:0005248",1,1,NA,NA,NA,NA,NA,NA,NA,NA,NA,NA,NA,NA,NA,NA,NA,NA,NA,NA,NA,NA,NA,NA,NA
"128","GO:0005249",1,1,NA,NA,NA,NA,NA,NA,NA,NA,NA,NA,NA,NA,NA,NA,NA,NA,NA,NA,NA,NA,NA,NA,NA
"129","GO:0005253",1,1,NA,NA,NA,NA,NA,NA,NA,NA,NA,NA,NA,NA,NA,NA,NA,NA,NA,"GO:0005215","GO:0022892","GO:0022891","GO:0015075","GO:0008509","GO:0005216"
"130","GO:0005261",1,1,NA,NA,NA,NA,NA,NA,NA,NA,NA,NA,NA,NA,NA,NA,NA,NA,NA,"GO:0005215","GO:0022892","GO:0022891","GO:0015075","GO:0008324","GO:0005216"
"131","GO:0005319",1,1,NA,NA,NA,NA,NA,NA,NA,NA,NA,NA,NA,NA,NA,NA,NA,NA,NA,"GO:0005215","GO:0022892",NA,NA,NA,NA
"132","GO:0005326",1,1,NA,NA,NA,NA,NA,NA,NA,NA,NA,NA,NA,NA,NA,NA,NA,NA,NA,"GO:0005215",NA,NA,NA,NA,NA
"133","GO:0005484",1,1,NA,NA,NA,NA,NA,NA,NA,NA,NA,NA,NA,NA,NA,NA,NA,NA,NA,"GO:0005488","GO:0005515",NA,NA,NA,NA
"134","GO:0005488",1,1,NA,NA,NA,NA,NA,NA,NA,NA,NA,NA,NA,NA,NA,NA,NA,NA,"GO:0003674",NA,NA,NA,NA,NA,NA
"135","GO:0005509",1,1,NA,NA,NA,NA,NA,NA,NA,NA,NA,NA,NA,NA,NA,NA,NA,NA,NA,"GO:0005488","GO:0043167","GO:0043169","GO:0046872",NA,NA
"136","GO:0005515",1,1,NA,NA,NA,NA,NA,NA,NA,NA,NA,NA,NA,NA,NA,NA,NA,NA,NA,"GO:0005488",NA,NA,NA,NA,NA
"137","GO:0005516",1,1,NA,NA,NA,NA,NA,NA,NA,NA,NA,NA,NA,NA,NA,NA,NA,NA,NA,"GO:0005488","GO:0005515",NA,NA,NA,NA
"138","GO:0005544",1,1,NA,NA,NA,NA,NA,NA,NA,NA,NA,NA,NA,NA,NA,NA,NA,NA,NA,"GO:0005488","GO:0008289","GO:0005543",NA,NA,NA
"139","GO:0005575",1,NA,1,NA,NA,NA,NA,NA,NA,NA,NA,NA,NA,NA,NA,NA,NA,NA,NA,NA,NA,NA,NA,NA,NA
"140","GO:0005576",1,NA,1,NA,NA,NA,NA,NA,NA,NA,NA,"GO:0005575",NA,NA,NA,NA,NA,NA,NA,NA,NA,NA,NA,NA,NA
"141","GO:0005578",1,NA,1,NA,NA,NA,NA,NA,NA,NA,NA,NA,"GO:0005576","GO:0031012","GO:0031012",NA,NA,NA,NA,NA,NA,NA,NA,NA,NA
"142","GO:0005615",1,NA,1,NA,NA,NA,NA,NA,NA,NA,NA,NA,"GO:0005576","GO:0044421",NA,NA,NA,NA,NA,NA,NA,NA,NA,NA,NA
"143","GO:0005618",1,NA,1,NA,NA,NA,NA,NA,NA,NA,NA,NA,"GO:0005623","GO:0044464","GO:0071944","GO:0030312",NA,NA,NA,NA,NA,NA,NA,NA,NA
"144","GO:0005622",1,NA,1,NA,NA,NA,NA,NA,NA,NA,NA,NA,"GO:0005623","GO:0044464",NA,NA,NA,NA,NA,NA,NA,NA,NA,NA,NA
"145","GO:0005634",1,NA,1,NA,NA,NA,NA,NA,NA,NA,NA,NA,"GO:0005623","GO:0044464","GO:0005622","GO:0044424","GO:0043229","GO:0043231",NA,NA,NA,NA,NA,NA,NA
"146","GO:0005635",1,NA,1,NA,NA,NA,NA,NA,NA,NA,NA,NA,"GO:0005623","GO:0044464","GO:0012505","GO:0043231","GO:0005634","GO:0044428",NA,NA,NA,NA,NA,NA,NA
"147","GO:0005654",1,NA,1,NA,NA,NA,NA,NA,NA,NA,NA,NA,"GO:0044464","GO:0005622","GO:0044424","GO:0043229","GO:0070013","GO:0031981",NA,NA,NA,NA,NA,NA,NA
"148","GO:0005694",1,NA,1,NA,NA,NA,NA,NA,NA,NA,NA,NA,"GO:0005623","GO:0044464","GO:0005622","GO:0044424","GO:0043229","GO:0043232",NA,NA,NA,NA,NA,NA,NA
"149","GO:0005730",1,NA,1,NA,NA,NA,NA,NA,NA,NA,NA,NA,"GO:0044464","GO:0005622","GO:0044424","GO:0043229","GO:0070013","GO:0031981",NA,NA,NA,NA,NA,NA,NA
"150","GO:0005737",1,NA,1,NA,NA,NA,NA,NA,NA,NA,NA,NA,"GO:0005623","GO:0044464","GO:0005622","GO:0044424",NA,NA,NA,NA,NA,NA,NA,NA,NA
"151","GO:0005739",1,NA,1,NA,NA,NA,NA,NA,NA,NA,NA,NA,"GO:0005623","GO:0044464","GO:0005622","GO:0044424","GO:0005737","GO:0044444",NA,NA,NA,NA,NA,NA,NA
"152","GO:0005743",1,NA,1,NA,NA,NA,NA,NA,NA,NA,NA,NA,"GO:0043226","GO:0043229","GO:0044446","GO:0044429","GO:0005740","GO:0031966",NA,NA,NA,NA,NA,NA,NA
"153","GO:0005764",1,NA,1,NA,NA,NA,NA,NA,NA,NA,NA,NA,"GO:0044464","GO:0044424","GO:0005737","GO:0044444","GO:0005773","GO:0000323",NA,NA,NA,NA,NA,NA,NA
"154","GO:0005768",1,NA,1,NA,NA,NA,NA,NA,NA,NA,NA,NA,"GO:0005623","GO:0044464","GO:0012505","GO:0005737","GO:0044444","GO:0005773",NA,NA,NA,NA,NA,NA,NA
"155","GO:0005773",1,NA,1,NA,NA,NA,NA,NA,NA,NA,NA,NA,"GO:0005623","GO:0044464","GO:0005622","GO:0044424","GO:0005737","GO:0044444",NA,NA,NA,NA,NA,NA,NA
"156","GO:0005777",1,NA,1,NA,NA,NA,NA,NA,NA,NA,NA,NA,"GO:0044464","GO:0005622","GO:0044424","GO:0005737","GO:0044444","GO:0042579",NA,NA,NA,NA,NA,NA,NA
"157","GO:0005783",1,NA,1,NA,NA,NA,NA,NA,NA,NA,NA,NA,"GO:0005623","GO:0044464","GO:0012505","GO:0044424","GO:0005737","GO:0044444",NA,NA,NA,NA,NA,NA,NA
"158","GO:0005794",1,NA,1,NA,NA,NA,NA,NA,NA,NA,NA,NA,"GO:0005623","GO:0044464","GO:0012505","GO:0044424","GO:0005737","GO:0044444",NA,NA,NA,NA,NA,NA,NA
"159","GO:0005811",1,NA,1,NA,NA,NA,NA,NA,NA,NA,NA,NA,"GO:0005623","GO:0044464","GO:0005622","GO:0044424","GO:0043229","GO:0043232",NA,NA,NA,NA,NA,NA,NA
"160","GO:0005815",1,NA,1,NA,NA,NA,NA,NA,NA,NA,NA,NA,"GO:0044464","GO:0044424","GO:0043229","GO:0043232","GO:0005856","GO:0015630",NA,NA,NA,NA,NA,NA,NA
"161","GO:0005829",1,NA,1,NA,NA,NA,NA,NA,NA,NA,NA,NA,"GO:0005623","GO:0044464","GO:0005622","GO:0044424","GO:0005737","GO:0044444",NA,NA,NA,NA,NA,NA,NA
"162","GO:0005834",1,NA,1,NA,NA,NA,NA,NA,NA,NA,NA,NA,"GO:0005623","GO:0044464","GO:0071944","GO:0005886","GO:0009898","GO:0031234",NA,NA,NA,NA,NA,NA,NA
"163","GO:0005840",1,NA,1,NA,NA,NA,NA,NA,NA,NA,NA,NA,"GO:0005623","GO:0044464","GO:0005622","GO:0044424","GO:0005737","GO:0044444",NA,NA,NA,NA,NA,NA,NA
"164","GO:0005856",1,NA,1,NA,NA,NA,NA,NA,NA,NA,NA,NA,"GO:0005623","GO:0044464","GO:0005622","GO:0044424","GO:0043229","GO:0043232",NA,NA,NA,NA,NA,NA,NA
"165","GO:0005874",1,NA,1,NA,NA,NA,NA,NA,NA,NA,NA,NA,"GO:0044464","GO:0044424","GO:0043229","GO:0043232","GO:0005856","GO:0015630",NA,NA,NA,NA,NA,NA,NA
"166","GO:0005886",1,NA,1,NA,NA,NA,NA,NA,NA,NA,NA,NA,"GO:0005623","GO:0044464","GO:0071944",NA,NA,NA,NA,NA,NA,NA,NA,NA,NA
"167","GO:0005902",1,NA,1,NA,NA,NA,NA,NA,NA,NA,NA,NA,"GO:0005623","GO:0044464","GO:0042995","GO:0098858",NA,NA,NA,NA,NA,NA,NA,NA,NA
"168","GO:0005905",1,NA,1,NA,NA,NA,NA,NA,NA,NA,NA,NA,"GO:0005623","GO:0044464","GO:0012505",NA,NA,NA,NA,NA,NA,NA,NA,NA,NA
"169","GO:0005921",1,NA,1,NA,NA,NA,NA,NA,NA,NA,NA,NA,"GO:0030054","GO:0005911",NA,NA,NA,NA,NA,NA,NA,NA,NA,NA,NA
"170","GO:0005923",1,NA,1,NA,NA,NA,NA,NA,NA,NA,NA,NA,"GO:0030054","GO:0005911","GO:0043296",NA,NA,NA,NA,NA,NA,NA,NA,NA,NA
"171","GO:0005929",1,NA,1,NA,NA,NA,NA,NA,NA,NA,NA,NA,"GO:0043226","GO:0044464","GO:0042995",NA,NA,NA,NA,NA,NA,NA,NA,NA,NA
"172","GO:0005975",NA,1,1,NA,NA,"GO:0008152","GO:0071704",NA,NA,NA,NA,NA,NA,NA,NA,NA,NA,NA,NA,NA,NA,NA,NA,NA,NA
"173","GO:0005976",NA,1,1,NA,NA,"GO:0008152","GO:0071704","GO:0043170",NA,NA,NA,NA,NA,NA,NA,NA,NA,NA,NA,NA,NA,NA,NA,NA,NA
"174","GO:0005977",NA,1,1,NA,NA,"GO:0044699","GO:0044710","GO:0044723","GO:0044723","GO:0006112","GO:0006073",NA,NA,NA,NA,NA,NA,NA,NA,NA,NA,NA,NA,NA,NA
"175","GO:0005984",NA,1,1,NA,NA,"GO:0044699","GO:0044763","GO:0044262","GO:0044262","GO:0009311",NA,NA,NA,NA,NA,NA,NA,NA,NA,NA,NA,NA,NA,NA,NA
"176","GO:0005996",NA,1,1,NA,NA,"GO:0044699","GO:0044710","GO:0044723","GO:0044723",NA,NA,NA,NA,NA,NA,NA,NA,NA,NA,NA,NA,NA,NA,NA,NA
"177","GO:0006091",NA,1,1,NA,NA,"GO:0009987","GO:0044237",NA,NA,NA,NA,NA,NA,NA,NA,NA,NA,NA,NA,NA,NA,NA,NA,NA,NA
"178","GO:0006094",NA,1,1,NA,NA,"GO:0044699","GO:0044710","GO:0044711","GO:0044283","GO:0046364","GO:0019319",NA,NA,NA,NA,NA,NA,NA,NA,NA,NA,NA,NA,NA,NA
"179","GO:0006096",NA,1,1,NA,NA,"GO:0008152","GO:0071704","GO:1901564","GO:0072524","GO:0019362","GO:0046496",NA,NA,NA,NA,NA,NA,NA,NA,NA,NA,NA,NA,NA,NA
"180","GO:0006098",NA,1,1,NA,NA,"GO:0008152","GO:0071704","GO:1901135","GO:0051156","GO:0051156",NA,NA,NA,NA,NA,NA,NA,NA,NA,NA,NA,NA,NA,NA,NA
"181","GO:0006099",NA,1,1,NA,NA,"GO:0044699","GO:0044710","GO:0055114","GO:0015980","GO:0045333","GO:0009060",NA,NA,NA,NA,NA,NA,NA,NA,NA,NA,NA,NA,NA,NA
"182","GO:0006109",NA,1,1,NA,NA,"GO:0008152","GO:0071704","GO:0005975","GO:0080090",NA,NA,NA,NA,NA,NA,NA,NA,NA,NA,NA,NA,NA,NA,NA,NA
"183","GO:0006119",NA,1,1,NA,NA,"GO:0009987","GO:0044237","GO:0006793","GO:0006796","GO:0016310",NA,NA,NA,NA,NA,NA,NA,NA,NA,NA,NA,NA,NA,NA,NA
"184","GO:0006139",NA,1,1,NA,NA,"GO:0008152","GO:0071704","GO:1901360",NA,NA,NA,NA,NA,NA,NA,NA,NA,NA,NA,NA,NA,NA,NA,NA,NA
"185","GO:0006144",NA,1,1,NA,NA,"GO:0008152","GO:0071704","GO:1901564","GO:0072521","GO:0009112","GO:0009112",NA,NA,NA,NA,NA,NA,NA,NA,NA,NA,NA,NA,NA,NA
"186","GO:0006206",NA,1,1,NA,NA,"GO:0008152","GO:0071704","GO:1901564","GO:0072527","GO:0009112","GO:0009112",NA,NA,NA,NA,NA,NA,NA,NA,NA,NA,NA,NA,NA,NA
"187","GO:0006259",NA,1,1,NA,NA,"GO:0008152","GO:0071704","GO:0043170","GO:0090304","GO:0090304",NA,NA,NA,NA,NA,NA,NA,NA,NA,NA,NA,NA,NA,NA,NA
"188","GO:0006260",NA,1,1,NA,NA,"GO:0008152","GO:0071704","GO:0043170","GO:0044260","GO:0034645","GO:0006259",NA,NA,NA,NA,NA,NA,NA,NA,NA,NA,NA,NA,NA,NA
"189","GO:0006281",NA,1,1,NA,NA,"GO:0050896","GO:0051716","GO:0033554","GO:0006974","GO:0090304","GO:0006259",NA,NA,NA,NA,NA,NA,NA,NA,NA,NA,NA,NA,NA,NA
"190","GO:0006308",NA,1,1,NA,NA,"GO:0008152","GO:0071704","GO:0043170","GO:0044260","GO:0044265","GO:0006259",NA,NA,NA,NA,NA,NA,NA,NA,NA,NA,NA,NA,NA,NA
"191","GO:0006310",NA,1,1,NA,NA,"GO:0008152","GO:0071704","GO:1901360","GO:0006139","GO:0090304","GO:0006259",NA,NA,NA,NA,NA,NA,NA,NA,NA,NA,NA,NA,NA,NA
"192","GO:0006325",NA,1,1,NA,NA,"GO:0071840","GO:0016043","GO:0043933",NA,NA,NA,NA,NA,NA,NA,NA,NA,NA,NA,NA,NA,NA,NA,NA,NA
"193","GO:0006338",NA,1,1,NA,NA,"GO:0071840","GO:0016043","GO:0043933","GO:0006325",NA,NA,NA,NA,NA,NA,NA,NA,NA,NA,NA,NA,NA,NA,NA,NA
"194","GO:0006351",NA,1,1,NA,NA,"GO:0008152","GO:0071704","GO:0043170","GO:0010467","GO:0032774","GO:0097659",NA,NA,NA,NA,NA,NA,NA,NA,NA,NA,NA,NA,NA,NA
"195","GO:0006357",NA,1,1,NA,NA,"GO:0008152","GO:0071704","GO:0043170","GO:0010467","GO:0006351","GO:0006366",NA,NA,NA,NA,NA,NA,NA,NA,NA,NA,NA,NA,NA,NA
"196","GO:0006366",NA,1,1,NA,NA,"GO:0008152","GO:0071704","GO:0043170","GO:0010467","GO:0006351","GO:0006351",NA,NA,NA,NA,NA,NA,NA,NA,NA,NA,NA,NA,NA,NA
"197","GO:0006367",NA,1,1,NA,NA,"GO:0008152","GO:0071704","GO:0043170","GO:0010467","GO:0006351","GO:0006366",NA,NA,NA,NA,NA,NA,NA,NA,NA,NA,NA,NA,NA,NA
"198","GO:0006368",NA,1,1,NA,NA,"GO:0008152","GO:0071704","GO:0043170","GO:0010467","GO:0006351","GO:0006366",NA,NA,NA,NA,NA,NA,NA,NA,NA,NA,NA,NA,NA,NA
"199","GO:0006369",NA,1,1,NA,NA,"GO:0008152","GO:0071704","GO:0043170","GO:0010467","GO:0006351","GO:0006366",NA,NA,NA,NA,NA,NA,NA,NA,NA,NA,NA,NA,NA,NA
"200","GO:0006370",NA,1,1,NA,NA,"GO:0009987","GO:0044237","GO:0044260","GO:0016070","GO:0016071","GO:0006397",NA,NA,NA,NA,NA,NA,NA,NA,NA,NA,NA,NA,NA,NA
"201","GO:0006378",NA,1,1,NA,NA,"GO:0008152","GO:0071704","GO:0043170","GO:0090304","GO:0016070","GO:0043631",NA,NA,NA,NA,NA,NA,NA,NA,NA,NA,NA,NA,NA,NA
"202","GO:0006397",NA,1,1,NA,NA,"GO:0008152","GO:0071704","GO:0043170","GO:0090304","GO:0016070","GO:0016071",NA,NA,NA,NA,NA,NA,NA,NA,NA,NA,NA,NA,NA,NA
"203","GO:0006399",NA,1,1,NA,NA,"GO:0008152","GO:0071704","GO:0043170","GO:0090304","GO:0016070","GO:0034660",NA,NA,NA,NA,NA,NA,NA,NA,NA,NA,NA,NA,NA,NA
"204","GO:0006401",NA,1,1,NA,NA,"GO:0008152","GO:0071704","GO:0043170","GO:0044260","GO:0044265","GO:0016070",NA,NA,NA,NA,NA,NA,NA,NA,NA,NA,NA,NA,NA,NA
"205","GO:0006403",NA,1,1,NA,NA,"GO:0051179","GO:0033036",NA,NA,NA,NA,NA,NA,NA,NA,NA,NA,NA,NA,NA,NA,NA,NA,NA,NA
"206","GO:0006412",NA,1,1,NA,NA,"GO:0008152","GO:0071704","GO:0043170","GO:0010467","GO:0044267","GO:0043043",NA,NA,NA,NA,NA,NA,NA,NA,NA,NA,NA,NA,NA,NA
"207","GO:0006417",NA,1,1,NA,NA,"GO:0008152","GO:0071704","GO:0043170","GO:0010467","GO:0006412","GO:0006412",NA,NA,NA,NA,NA,NA,NA,NA,NA,NA,NA,NA,NA,NA
"208","GO:0006418",NA,1,1,NA,NA,"GO:0008152","GO:0071704","GO:0043170","GO:0010467","GO:0006412","GO:0006412",NA,NA,NA,NA,NA,NA,NA,NA,NA,NA,NA,NA,NA,NA
"209","GO:0006457",NA,1,1,NA,NA,"GO:0009987",NA,NA,NA,NA,NA,NA,NA,NA,NA,NA,NA,NA,NA,NA,NA,NA,NA,NA,NA
"210","GO:0006461",NA,1,1,NA,NA,"GO:0071840","GO:0044085","GO:0070271","GO:0071822",NA,NA,NA,NA,NA,NA,NA,NA,NA,NA,NA,NA,NA,NA,NA,NA
"211","GO:0006464",NA,1,1,NA,NA,"GO:0008152","GO:0071704","GO:0043170","GO:0044260","GO:0044267",NA,NA,NA,NA,NA,NA,NA,NA,NA,NA,NA,NA,NA,NA,NA
"212","GO:0006468",NA,1,1,NA,NA,"GO:0009987","GO:0044237","GO:0006793","GO:0006796","GO:0016310","GO:0006464",NA,NA,NA,NA,NA,NA,NA,NA,NA,NA,NA,NA,NA,NA
"213","GO:0006471",NA,1,1,NA,NA,"GO:0008152","GO:0071704","GO:1901576","GO:1901137","GO:0009101","GO:0006486",NA,NA,NA,NA,NA,NA,NA,NA,NA,NA,NA,NA,NA,NA
"214","GO:0006473",NA,1,1,NA,NA,"GO:0009987","GO:0044237","GO:0044260","GO:0044267","GO:0006464","GO:0043543",NA,NA,NA,NA,NA,NA,NA,NA,NA,NA,NA,NA,NA,NA
"215","GO:0006479",NA,1,1,NA,NA,"GO:0008152","GO:0071704","GO:0043170","GO:0044260","GO:0043414","GO:0008213",NA,NA,NA,NA,NA,NA,NA,NA,NA,NA,NA,NA,NA,NA
"216","GO:0006486",NA,1,1,NA,NA,"GO:0008152","GO:0071704","GO:1901576","GO:1901137","GO:0009101","GO:0009101",NA,NA,NA,NA,NA,NA,NA,NA,NA,NA,NA,NA,NA,NA
"217","GO:0006497",NA,1,1,NA,NA,"GO:0008152","GO:0071704","GO:0043170","GO:0042157","GO:0042158","GO:0042158",NA,NA,NA,NA,NA,NA,NA,NA,NA,NA,NA,NA,NA,NA
"218","GO:0006508",NA,1,1,NA,NA,"GO:0008152","GO:0044238","GO:0019538","GO:0019538",NA,NA,NA,NA,NA,NA,NA,NA,NA,NA,NA,NA,NA,NA,NA,NA
"219","GO:0006520",NA,1,1,NA,NA,"GO:0008152","GO:0071704","GO:1901564","GO:0006082","GO:0043436","GO:0019752",NA,NA,NA,NA,NA,NA,NA,NA,NA,NA,NA,NA,NA,NA
"220","GO:0006521",NA,1,1,NA,NA,"GO:0008152","GO:0071704","GO:1901564","GO:0006520","GO:0044106","GO:0006520",NA,NA,NA,NA,NA,NA,NA,NA,NA,NA,NA,NA,NA,NA
"221","GO:0006605",NA,1,1,NA,NA,"GO:0051179","GO:0051641","GO:0070727","GO:0034613","GO:0006886","GO:0006886",NA,NA,NA,NA,NA,NA,NA,NA,NA,NA,NA,NA,NA,NA
"222","GO:0006629",NA,1,1,NA,NA,"GO:0008152","GO:0071704",NA,NA,NA,NA,NA,NA,NA,NA,NA,NA,NA,NA,NA,NA,NA,NA,NA,NA
"223","GO:0006631",NA,1,1,NA,NA,"GO:0044699","GO:0044763","GO:0044255","GO:0044255","GO:0019752","GO:0032787",NA,NA,NA,NA,NA,NA,NA,NA,NA,NA,NA,NA,NA,NA
"224","GO:0006633",NA,1,1,NA,NA,"GO:0008152","GO:0071704","GO:1901576","GO:0016053","GO:0046394","GO:0072330",NA,NA,NA,NA,NA,NA,NA,NA,NA,NA,NA,NA,NA,NA
"225","GO:0006635",NA,1,1,NA,NA,"GO:0044699","GO:0044763","GO:0044255","GO:0030258","GO:0034440","GO:0019395",NA,NA,NA,NA,NA,NA,NA,NA,NA,NA,NA,NA,NA,NA
"226","GO:0006636",NA,1,1,NA,NA,"GO:0008152","GO:0071704","GO:0006629","GO:0044255","GO:0006631","GO:0033559",NA,NA,NA,NA,NA,NA,NA,NA,NA,NA,NA,NA,NA,NA
"227","GO:0006637",NA,1,1,NA,NA,"GO:0008152","GO:0071704","GO:0035383","GO:0035383",NA,NA,NA,NA,NA,NA,NA,NA,NA,NA,NA,NA,NA,NA,NA,NA
"228","GO:0006644",NA,1,1,NA,NA,"GO:0044699","GO:0044763","GO:0044255","GO:0044255",NA,NA,NA,NA,NA,NA,NA,NA,NA,NA,NA,NA,NA,NA,NA,NA
"229","GO:0006732",NA,1,1,NA,NA,"GO:0009987","GO:0044237","GO:0051186",NA,NA,NA,NA,NA,NA,NA,NA,NA,NA,NA,NA,NA,NA,NA,NA,NA
"230","GO:0006766",NA,1,1,NA,NA,"GO:0044699","GO:0044710","GO:0044281",NA,NA,NA,NA,NA,NA,NA,NA,NA,NA,NA,NA,NA,NA,NA,NA,NA
"231","GO:0006778",NA,1,1,NA,NA,"GO:0009987","GO:0044237","GO:0051186","GO:0033013",NA,NA,NA,NA,NA,NA,NA,NA,NA,NA,NA,NA,NA,NA,NA,NA
"232","GO:0006790",NA,1,1,NA,NA,"GO:0009987","GO:0044237",NA,NA,NA,NA,NA,NA,NA,NA,NA,NA,NA,NA,NA,NA,NA,NA,NA,NA
"233","GO:0006796",NA,1,1,NA,NA,"GO:0009987","GO:0044237","GO:0006793",NA,NA,NA,NA,NA,NA,NA,NA,NA,NA,NA,NA,NA,NA,NA,NA,NA
"234","GO:0006807",NA,1,1,NA,NA,"GO:0008152",NA,NA,NA,NA,NA,NA,NA,NA,NA,NA,NA,NA,NA,NA,NA,NA,NA,NA,NA
"235","GO:0006809",NA,1,1,NA,NA,"GO:0009987","GO:0044237","GO:0072593","GO:1903409",NA,NA,NA,NA,NA,NA,NA,NA,NA,NA,NA,NA,NA,NA,NA,NA
"236","GO:0006810",NA,1,1,NA,NA,"GO:0051179","GO:0051234",NA,NA,NA,NA,NA,NA,NA,NA,NA,NA,NA,NA,NA,NA,NA,NA,NA,NA
"237","GO:0006811",NA,1,1,NA,NA,"GO:0051179","GO:0051234","GO:0006810",NA,NA,NA,NA,NA,NA,NA,NA,NA,NA,NA,NA,NA,NA,NA,NA,NA
"238","GO:0006812",NA,1,1,NA,NA,"GO:0051179","GO:0051234","GO:0006810","GO:0006811",NA,NA,NA,NA,NA,NA,NA,NA,NA,NA,NA,NA,NA,NA,NA,NA
"239","GO:0006817",NA,1,1,NA,NA,"GO:0051179","GO:0051234","GO:0006810","GO:0006811","GO:0006820","GO:0015698",NA,NA,NA,NA,NA,NA,NA,NA,NA,NA,NA,NA,NA,NA
"240","GO:0006820",NA,1,1,NA,NA,"GO:0051179","GO:0051234","GO:0006810","GO:0006811",NA,NA,NA,NA,NA,NA,NA,NA,NA,NA,NA,NA,NA,NA,NA,NA
"241","GO:0006839",NA,1,1,NA,NA,"GO:0051179","GO:0051234","GO:0006810",NA,NA,NA,NA,NA,NA,NA,NA,NA,NA,NA,NA,NA,NA,NA,NA,NA
"242","GO:0006858",NA,1,1,NA,NA,"GO:0051179","GO:0051234","GO:0006810",NA,NA,NA,NA,NA,NA,NA,NA,NA,NA,NA,NA,NA,NA,NA,NA,NA
"243","GO:0006865",NA,1,1,NA,NA,"GO:0051179","GO:0051234","GO:0006810","GO:0071705","GO:0015849",NA,NA,NA,NA,NA,NA,NA,NA,NA,NA,NA,NA,NA,NA,NA
"244","GO:0006869",NA,1,1,NA,NA,"GO:0051179","GO:0033036","GO:0010876","GO:0071702",NA,NA,NA,NA,NA,NA,NA,NA,NA,NA,NA,NA,NA,NA,NA,NA
"245","GO:0006874",NA,1,1,NA,NA,NA,NA,NA,NA,NA,NA,NA,NA,NA,NA,NA,NA,NA,NA,NA,NA,NA,NA,NA,NA
"246","GO:0006886",NA,1,1,NA,NA,"GO:0051179","GO:0051641","GO:0070727","GO:0034613","GO:0015031",NA,NA,NA,NA,NA,NA,NA,NA,NA,NA,NA,NA,NA,NA,NA
"247","GO:0006887",NA,1,1,NA,NA,"GO:0051179","GO:0051234","GO:0006810","GO:0044765","GO:0046903","GO:0032940",NA,NA,NA,NA,NA,NA,NA,NA,NA,NA,NA,NA,NA,NA
"248","GO:0006897",NA,1,1,NA,NA,"GO:0051179","GO:0051234","GO:0006810","GO:0016192",NA,NA,NA,NA,NA,NA,NA,NA,NA,NA,NA,NA,NA,NA,NA,NA
"249","GO:0006898",NA,1,1,NA,NA,"GO:0051179","GO:0051234","GO:0006810","GO:0016192","GO:0006897",NA,NA,NA,NA,NA,NA,NA,NA,NA,NA,NA,NA,NA,NA,NA
"250","GO:0006907",NA,1,1,NA,NA,"GO:0051179","GO:0051234","GO:0006810","GO:0016192","GO:0006897",NA,NA,NA,NA,NA,NA,NA,NA,NA,NA,NA,NA,NA,NA,NA
"251","GO:0006909",NA,1,1,NA,NA,"GO:0051179","GO:1902578","GO:0044765","GO:0044765","GO:0006897",NA,NA,NA,NA,NA,NA,NA,NA,NA,NA,NA,NA,NA,NA,NA
"252","GO:0006915",NA,1,1,NA,NA,"GO:0044699","GO:0044763","GO:0008219","GO:0012501",NA,NA,NA,NA,NA,NA,NA,NA,NA,NA,NA,NA,NA,NA,NA,NA
"253","GO:0006928",NA,1,1,NA,NA,"GO:0044699","GO:0044763",NA,NA,NA,NA,NA,NA,NA,NA,NA,NA,NA,NA,NA,NA,NA,NA,NA,NA
"254","GO:0006936",NA,1,1,NA,NA,"GO:0032501","GO:0003008","GO:0003012",NA,NA,NA,NA,NA,NA,NA,NA,NA,NA,NA,NA,NA,NA,NA,NA,NA
"255","GO:0006950",NA,1,1,NA,NA,"GO:0050896",NA,NA,NA,NA,NA,NA,NA,NA,NA,NA,NA,NA,NA,NA,NA,NA,NA,NA,NA
"256","GO:0006955",NA,1,1,NA,NA,"GO:0050896",NA,NA,NA,NA,NA,NA,NA,NA,NA,NA,NA,NA,NA,NA,NA,NA,NA,NA,NA
"257","GO:0006956",NA,1,1,NA,NA,"GO:0050896","GO:0072376","GO:0006959","GO:0072376","GO:0072376","GO:0002253",NA,NA,NA,NA,NA,NA,NA,NA,NA,NA,NA,NA,NA,NA
"258","GO:0006968",NA,1,1,NA,NA,"GO:0050896","GO:0006950","GO:0006952",NA,NA,NA,NA,NA,NA,NA,NA,NA,NA,NA,NA,NA,NA,NA,NA,NA
"259","GO:0006996",NA,1,1,NA,NA,"GO:0071840","GO:0016043",NA,NA,NA,NA,NA,NA,NA,NA,NA,NA,NA,NA,NA,NA,NA,NA,NA,NA
"260","GO:0007005",NA,1,1,NA,NA,"GO:0071840","GO:0016043","GO:0006996",NA,NA,NA,NA,NA,NA,NA,NA,NA,NA,NA,NA,NA,NA,NA,NA,NA
"261","GO:0007010",NA,1,1,NA,NA,"GO:0071840","GO:0016043","GO:0006996",NA,NA,NA,NA,NA,NA,NA,NA,NA,NA,NA,NA,NA,NA,NA,NA,NA
"262","GO:0007028",NA,1,1,NA,NA,"GO:0044699","GO:0044763",NA,NA,NA,NA,NA,NA,NA,NA,NA,NA,NA,NA,NA,NA,NA,NA,NA,NA
"263","GO:0007041",NA,1,1,NA,NA,"GO:0051179","GO:0051234","GO:0006810","GO:0007034",NA,NA,NA,NA,NA,NA,NA,NA,NA,NA,NA,NA,NA,NA,NA,NA
"264","GO:0007049",NA,1,1,NA,NA,"GO:0044699","GO:0044763",NA,NA,NA,NA,NA,NA,NA,NA,NA,NA,NA,NA,NA,NA,NA,NA,NA,NA
"265","GO:0007059",NA,1,1,NA,NA,"GO:0044699","GO:0044763",NA,NA,NA,NA,NA,NA,NA,NA,NA,NA,NA,NA,NA,NA,NA,NA,NA,NA
"266","GO:0007067",NA,1,1,NA,NA,"GO:0044699","GO:0044763","GO:0007049","GO:0000278","GO:1903047",NA,NA,NA,NA,NA,NA,NA,NA,NA,NA,NA,NA,NA,NA,NA
"267","GO:0007126",NA,1,1,NA,NA,"GO:0000003","GO:0051321","GO:0051321","GO:0051321","GO:1903046",NA,NA,NA,NA,NA,NA,NA,NA,NA,NA,NA,NA,NA,NA,NA
"268","GO:0007154",NA,1,1,NA,NA,"GO:0044699","GO:0044763",NA,NA,NA,NA,NA,NA,NA,NA,NA,NA,NA,NA,NA,NA,NA,NA,NA,NA
"269","GO:0007155",NA,1,1,NA,NA,"GO:0022610",NA,NA,NA,NA,NA,NA,NA,NA,NA,NA,NA,NA,NA,NA,NA,NA,NA,NA,NA
"270","GO:0007160",NA,1,1,NA,NA,"GO:0022610","GO:0007155","GO:0031589",NA,NA,NA,NA,NA,NA,NA,NA,NA,NA,NA,NA,NA,NA,NA,NA,NA
"271","GO:0007165",NA,1,1,NA,NA,"GO:0050896","GO:0051716","GO:0007154",NA,NA,NA,NA,NA,NA,NA,NA,NA,NA,NA,NA,NA,NA,NA,NA,NA
"272","GO:0007166",NA,1,1,NA,NA,"GO:0050896","GO:0051716","GO:0007165","GO:0007165",NA,NA,NA,NA,NA,NA,NA,NA,NA,NA,NA,NA,NA,NA,NA,NA
"273","GO:0007169",NA,1,1,NA,NA,"GO:0044699","GO:0044763","GO:0007154","GO:0007165","GO:0007166","GO:0007167",NA,NA,NA,NA,NA,NA,NA,NA,NA,NA,NA,NA,NA,NA
"274","GO:0007178",NA,1,1,NA,NA,"GO:0044699","GO:0044763","GO:0007154","GO:0007165","GO:0007166","GO:0007167",NA,NA,NA,NA,NA,NA,NA,NA,NA,NA,NA,NA,NA,NA
"275","GO:0007186",NA,1,1,NA,NA,"GO:0050896","GO:0051716","GO:0007165","GO:0007165",NA,NA,NA,NA,NA,NA,NA,NA,NA,NA,NA,NA,NA,NA,NA,NA
"276","GO:0007249",NA,1,1,NA,NA,"GO:0044699","GO:0044763","GO:0007154","GO:0007165","GO:0035556",NA,NA,NA,NA,NA,NA,NA,NA,NA,NA,NA,NA,NA,NA,NA
"277","GO:0007254",NA,1,1,NA,NA,"GO:0050896","GO:0051716","GO:0007165","GO:0035556","GO:0031098","GO:0051403",NA,NA,NA,NA,NA,NA,NA,NA,NA,NA,NA,NA,NA,NA
"278","GO:0007259",NA,1,1,NA,NA,"GO:0044699","GO:0044763","GO:0007154","GO:0007165","GO:0035556","GO:0097696",NA,NA,NA,NA,NA,NA,NA,NA,NA,NA,NA,NA,NA,NA
"279","GO:0007263",NA,1,1,NA,NA,"GO:0044699","GO:0044763","GO:0007154","GO:0007165","GO:0035556","GO:0019932",NA,NA,NA,NA,NA,NA,NA,NA,NA,NA,NA,NA,NA,NA
"280","GO:0007267",NA,1,1,NA,NA,"GO:0044699","GO:0044700","GO:0007154",NA,NA,NA,NA,NA,NA,NA,NA,NA,NA,NA,NA,NA,NA,NA,NA,NA
"281","GO:0007268",NA,1,1,NA,NA,"GO:0044699","GO:0044700","GO:0007267","GO:0099536","GO:0099537","GO:0098916",NA,NA,NA,NA,NA,NA,NA,NA,NA,NA,NA,NA,NA,NA
"282","GO:0007269",NA,1,1,NA,NA,"GO:0044699","GO:0044763","GO:0007154","GO:0007267","GO:0099536","GO:0099643",NA,NA,NA,NA,NA,NA,NA,NA,NA,NA,NA,NA,NA,NA
"283","GO:0007270",NA,1,1,NA,NA,NA,NA,NA,NA,NA,NA,NA,NA,NA,NA,NA,NA,NA,NA,NA,NA,NA,NA,NA,NA
"284","GO:0007274",NA,1,1,NA,NA,NA,NA,NA,NA,NA,NA,NA,NA,NA,NA,NA,NA,NA,NA,NA,NA,NA,NA,NA,NA
"285","GO:0007276",NA,1,1,NA,NA,"GO:0000003","GO:0022414","GO:0044703","GO:0019953",NA,NA,NA,NA,NA,NA,NA,NA,NA,NA,NA,NA,NA,NA,NA,NA
"286","GO:0007283",NA,1,1,NA,NA,"GO:0000003","GO:0022414","GO:0044703","GO:0019953","GO:0007276","GO:0048232",NA,NA,NA,NA,NA,NA,NA,NA,NA,NA,NA,NA,NA,NA
"287","GO:0007292",NA,1,1,NA,NA,"GO:0000003","GO:0022414","GO:0044703","GO:0019953","GO:0007276",NA,NA,NA,NA,NA,NA,NA,NA,NA,NA,NA,NA,NA,NA,NA
"288","GO:0007379",NA,1,1,NA,NA,"GO:0032502","GO:0048856","GO:0007275","GO:0007389","GO:0003002","GO:0035282",NA,NA,NA,NA,NA,NA,NA,NA,NA,NA,NA,NA,NA,NA
"289","GO:0007389",NA,1,1,NA,NA,"GO:0032502","GO:0048856","GO:0007275",NA,NA,NA,NA,NA,NA,NA,NA,NA,NA,NA,NA,NA,NA,NA,NA,NA
"290","GO:0007398",NA,1,1,NA,NA,"GO:0032502","GO:0048856","GO:0009888",NA,NA,NA,NA,NA,NA,NA,NA,NA,NA,NA,NA,NA,NA,NA,NA,NA
"291","GO:0007399",NA,1,1,NA,NA,"GO:0032502","GO:0048856","GO:0007275","GO:0048731",NA,NA,NA,NA,NA,NA,NA,NA,NA,NA,NA,NA,NA,NA,NA,NA
"292","GO:0007492",NA,1,1,NA,NA,"GO:0032502","GO:0048856","GO:0009888",NA,NA,NA,NA,NA,NA,NA,NA,NA,NA,NA,NA,NA,NA,NA,NA,NA
"293","GO:0007498",NA,1,1,NA,NA,"GO:0032502","GO:0048856","GO:0009888",NA,NA,NA,NA,NA,NA,NA,NA,NA,NA,NA,NA,NA,NA,NA,NA,NA
"294","GO:0007507",NA,1,1,NA,NA,"GO:0032502","GO:0048856","GO:0007275","GO:0048731","GO:0072359",NA,NA,NA,NA,NA,NA,NA,NA,NA,NA,NA,NA,NA,NA,NA
"295","GO:0007517",NA,1,1,NA,NA,"GO:0032502","GO:0048856","GO:0061061","GO:0048731","GO:0048513",NA,NA,NA,NA,NA,NA,NA,NA,NA,NA,NA,NA,NA,NA,NA
"296","GO:0007530",NA,1,1,NA,NA,"GO:0000003","GO:0003006","GO:0003006",NA,NA,NA,NA,NA,NA,NA,NA,NA,NA,NA,NA,NA,NA,NA,NA,NA
"297","GO:0007596",NA,1,1,NA,NA,"GO:0050896","GO:0006950","GO:0009611","GO:0042060",NA,NA,NA,NA,NA,NA,NA,NA,NA,NA,NA,NA,NA,NA,NA,NA
"298","GO:0007600",NA,1,1,NA,NA,"GO:0032501","GO:0003008","GO:0050877",NA,NA,NA,NA,NA,NA,NA,NA,NA,NA,NA,NA,NA,NA,NA,NA,NA
"299","GO:0007601",NA,1,1,NA,NA,"GO:0032501","GO:0003008","GO:0050877","GO:0007600","GO:0050953",NA,NA,NA,NA,NA,NA,NA,NA,NA,NA,NA,NA,NA,NA,NA
"300","GO:0007605",NA,1,1,NA,NA,"GO:0032501","GO:0003008","GO:0050877","GO:0007600","GO:0050954",NA,NA,NA,NA,NA,NA,NA,NA,NA,NA,NA,NA,NA,NA,NA
"301","GO:0007606",NA,1,1,NA,NA,"GO:0032501","GO:0003008","GO:0050877","GO:0007600",NA,NA,NA,NA,NA,NA,NA,NA,NA,NA,NA,NA,NA,NA,NA,NA
"302","GO:0007608",NA,1,1,NA,NA,"GO:0032501","GO:0003008","GO:0050877","GO:0007600","GO:0007606",NA,NA,NA,NA,NA,NA,NA,NA,NA,NA,NA,NA,NA,NA,NA
"303","GO:0007610",NA,1,1,NA,"GO:0008150",NA,NA,NA,NA,NA,NA,NA,NA,NA,NA,NA,NA,NA,NA,NA,NA,NA,NA,NA,NA
"304","GO:0007623",NA,1,1,NA,NA,"GO:0048511",NA,NA,NA,NA,NA,NA,NA,NA,NA,NA,NA,NA,NA,NA,NA,NA,NA,NA,NA
"305","GO:0008009",1,1,NA,NA,NA,NA,NA,NA,NA,NA,NA,NA,NA,NA,NA,NA,NA,NA,NA,"GO:0005488","GO:0005515","GO:0005102","GO:0005126","GO:0042379",NA
"306","GO:0008015",NA,1,1,NA,NA,"GO:0032501","GO:0003008","GO:0003013",NA,NA,NA,NA,NA,NA,NA,NA,NA,NA,NA,NA,NA,NA,NA,NA,NA
"307","GO:0008017",1,1,NA,NA,NA,NA,NA,NA,NA,NA,NA,NA,NA,NA,NA,NA,NA,NA,NA,"GO:0005488","GO:0005515","GO:0008092","GO:0015631",NA,NA
"308","GO:0008037",NA,1,1,NA,NA,"GO:0044699","GO:0044763",NA,NA,NA,NA,NA,NA,NA,NA,NA,NA,NA,NA,NA,NA,NA,NA,NA,NA
"309","GO:0008047",1,1,NA,NA,NA,NA,NA,NA,NA,NA,NA,NA,NA,NA,NA,NA,NA,NA,NA,"GO:0098772","GO:0030234",NA,NA,NA,NA
"310","GO:0008066",1,1,NA,NA,NA,NA,NA,NA,NA,NA,NA,NA,NA,NA,NA,NA,NA,NA,NA,"GO:0060089","GO:0004872","GO:0099600","GO:0004888",NA,NA
"311","GO:0008081",1,1,NA,NA,NA,NA,NA,NA,NA,NA,NA,NA,NA,NA,NA,NA,NA,NA,NA,"GO:0003824","GO:0016787","GO:0016788","GO:0042578",NA,NA
"312","GO:0008083",1,1,NA,NA,NA,NA,NA,NA,NA,NA,NA,NA,NA,NA,NA,NA,NA,NA,NA,"GO:0005488","GO:0005515","GO:0005102",NA,NA,NA
"313","GO:0008092",1,1,NA,NA,NA,NA,NA,NA,NA,NA,NA,NA,NA,NA,NA,NA,NA,NA,NA,"GO:0005488","GO:0005515",NA,NA,NA,NA
"314","GO:0008104",NA,1,1,NA,NA,"GO:0051179","GO:0033036",NA,NA,NA,NA,NA,NA,NA,NA,NA,NA,NA,NA,NA,NA,NA,NA,NA,NA
"315","GO:0008105",NA,1,1,NA,NA,"GO:0051179","GO:0033036","GO:0008104",NA,NA,NA,NA,NA,NA,NA,NA,NA,NA,NA,NA,NA,NA,NA,NA,NA
"316","GO:0008135",1,1,NA,NA,NA,NA,NA,NA,NA,NA,NA,NA,NA,NA,NA,NA,NA,NA,NA,"GO:0005488","GO:1901363","GO:0003676","GO:0003723",NA,NA
"317","GO:0008143",1,1,NA,NA,NA,NA,NA,NA,NA,NA,NA,NA,NA,NA,NA,NA,NA,NA,NA,"GO:0005488","GO:1901363","GO:0003676","GO:0003723","GO:0003727","GO:0070717"
"318","GO:0008150",NA,1,1,NA,NA,NA,NA,NA,NA,NA,NA,NA,NA,NA,NA,NA,NA,NA,NA,NA,NA,NA,NA,NA,NA
"319","GO:0008152",NA,1,1,NA,"GO:0008150",NA,NA,NA,NA,NA,NA,NA,NA,NA,NA,NA,NA,NA,NA,NA,NA,NA,NA,NA,NA
"320","GO:0008168",1,1,NA,NA,NA,NA,NA,NA,NA,NA,NA,NA,NA,NA,NA,NA,NA,NA,NA,"GO:0003824","GO:0016740","GO:0016741",NA,NA,NA
"321","GO:0008173",1,1,NA,NA,NA,NA,NA,NA,NA,NA,NA,NA,NA,NA,NA,NA,NA,NA,NA,"GO:0003824","GO:0016740","GO:0016741","GO:0008168",NA,NA
"322","GO:0008191",1,1,NA,NA,NA,NA,NA,NA,NA,NA,NA,NA,NA,NA,NA,NA,NA,NA,NA,"GO:0098772","GO:0030234","GO:0061134","GO:0061135","GO:0004866",NA
"323","GO:0008202",NA,1,1,NA,NA,"GO:0008152","GO:0071704","GO:1901360",NA,NA,NA,NA,NA,NA,NA,NA,NA,NA,NA,NA,NA,NA,NA,NA,NA
"324","GO:0008203",NA,1,1,NA,NA,"GO:0008152","GO:0071704","GO:1901615","GO:0006066","GO:1902652",NA,NA,NA,NA,NA,NA,NA,NA,NA,NA,NA,NA,NA,NA,NA
"325","GO:0008206",NA,1,1,NA,NA,"GO:0008152","GO:0071704","GO:0006082","GO:0043436","GO:0019752","GO:0032787",NA,NA,NA,NA,NA,NA,NA,NA,NA,NA,NA,NA,NA,NA
"326","GO:0008219",NA,1,1,NA,NA,"GO:0044699","GO:0044763",NA,NA,NA,NA,NA,NA,NA,NA,NA,NA,NA,NA,NA,NA,NA,NA,NA,NA
"327","GO:0008233",1,1,NA,NA,NA,NA,NA,NA,NA,NA,NA,NA,NA,NA,NA,NA,NA,NA,NA,"GO:0003824","GO:0016787",NA,NA,NA,NA
"328","GO:0008234",1,1,NA,NA,NA,NA,NA,NA,NA,NA,NA,NA,NA,NA,NA,NA,NA,NA,NA,"GO:0003824","GO:0016787","GO:0008233","GO:0070011",NA,NA
"329","GO:0008236",1,1,NA,NA,NA,NA,NA,NA,NA,NA,NA,NA,NA,NA,NA,NA,NA,NA,NA,"GO:0003824","GO:0016787","GO:0008233","GO:0070011",NA,NA
"330","GO:0008237",1,1,NA,NA,NA,NA,NA,NA,NA,NA,NA,NA,NA,NA,NA,NA,NA,NA,NA,"GO:0003824","GO:0016787","GO:0008233","GO:0070011",NA,NA
"331","GO:0008283",NA,1,1,NA,NA,"GO:0044699",NA,NA,NA,NA,NA,NA,NA,NA,NA,NA,NA,NA,NA,NA,NA,NA,NA,NA,NA
"332","GO:0008289",1,1,NA,NA,NA,NA,NA,NA,NA,NA,NA,NA,NA,NA,NA,NA,NA,NA,NA,"GO:0005488",NA,NA,NA,NA,NA
"333","GO:0008324",1,1,NA,NA,NA,NA,NA,NA,NA,NA,NA,NA,NA,NA,NA,NA,NA,NA,NA,"GO:0005215","GO:0022892","GO:0022891","GO:0015075",NA,NA
"334","GO:0008380",NA,1,1,NA,NA,"GO:0008152","GO:0071704","GO:0043170","GO:0010467","GO:0006396","GO:0006396",NA,NA,NA,NA,NA,NA,NA,NA,NA,NA,NA,NA,NA,NA
"335","GO:0008483",1,1,NA,NA,NA,NA,NA,NA,NA,NA,NA,NA,NA,NA,NA,NA,NA,NA,NA,"GO:0003824","GO:0016740","GO:0016769",NA,NA,NA
"336","GO:0008643",NA,1,1,NA,NA,"GO:0051179","GO:0051234","GO:0006810","GO:0071702",NA,NA,NA,NA,NA,NA,NA,NA,NA,NA,NA,NA,NA,NA,NA,NA
"337","GO:0008652",NA,1,1,NA,NA,"GO:0008152","GO:0071704","GO:1901576","GO:1901566","GO:0019752","GO:0046394",NA,NA,NA,NA,NA,NA,NA,NA,NA,NA,NA,NA,NA,NA
"338","GO:0009008",1,1,NA,NA,NA,NA,NA,NA,NA,NA,NA,NA,NA,NA,NA,NA,NA,NA,NA,"GO:0003824","GO:0016740","GO:0016741","GO:0008168",NA,NA
"339","GO:0009055",1,1,NA,NA,NA,NA,NA,NA,NA,NA,NA,NA,NA,NA,NA,NA,NA,NA,"GO:0003674",NA,NA,NA,NA,NA,NA
"340","GO:0009056",NA,1,1,NA,NA,"GO:0008152",NA,NA,NA,NA,NA,NA,NA,NA,NA,NA,NA,NA,NA,NA,NA,NA,NA,NA,NA
"341","GO:0009058",NA,1,1,NA,NA,"GO:0008152",NA,NA,NA,NA,NA,NA,NA,NA,NA,NA,NA,NA,NA,NA,NA,NA,NA,NA,NA
"342","GO:0009063",NA,1,1,NA,NA,"GO:0008152","GO:0071704","GO:1901575","GO:1901565","GO:0019752","GO:0046395",NA,NA,NA,NA,NA,NA,NA,NA,NA,NA,NA,NA,NA,NA
"343","GO:0009110",NA,1,1,NA,NA,"GO:0044699","GO:0044763","GO:0044711","GO:0044283",NA,NA,NA,NA,NA,NA,NA,NA,NA,NA,NA,NA,NA,NA,NA,NA
"344","GO:0009111",NA,1,1,NA,NA,"GO:0044699","GO:0044763","GO:0044712","GO:0044282",NA,NA,NA,NA,NA,NA,NA,NA,NA,NA,NA,NA,NA,NA,NA,NA
"345","GO:0009187",NA,1,1,NA,NA,"GO:0044699","GO:0044710","GO:0044281","GO:0055086","GO:0006753","GO:0009117",NA,NA,NA,NA,NA,NA,NA,NA,NA,NA,NA,NA,NA,NA
"346","GO:0009295",1,NA,1,NA,NA,NA,NA,NA,NA,NA,NA,"GO:0005575",NA,NA,NA,NA,NA,NA,NA,NA,NA,NA,NA,NA,NA
"347","GO:0009299",NA,1,1,NA,NA,"GO:0008152","GO:0071704","GO:0043170","GO:0010467","GO:0006351","GO:0006351",NA,NA,NA,NA,NA,NA,NA,NA,NA,NA,NA,NA,NA,NA
"348","GO:0009566",NA,1,1,NA,NA,"GO:0000003","GO:0022414","GO:0044703","GO:0019953",NA,NA,NA,NA,NA,NA,NA,NA,NA,NA,NA,NA,NA,NA,NA,NA
"349","GO:0009605",NA,1,1,NA,NA,"GO:0050896",NA,NA,NA,NA,NA,NA,NA,NA,NA,NA,NA,NA,NA,NA,NA,NA,NA,NA,NA
"350","GO:0009607",NA,1,1,NA,NA,"GO:0050896",NA,NA,NA,NA,NA,NA,NA,NA,NA,NA,NA,NA,NA,NA,NA,NA,NA,NA,NA
"351","GO:0009628",NA,1,1,NA,NA,"GO:0050896",NA,NA,NA,NA,NA,NA,NA,NA,NA,NA,NA,NA,NA,NA,NA,NA,NA,NA,NA
"352","GO:0009636",NA,1,1,NA,NA,"GO:0050896","GO:0042221",NA,NA,NA,NA,NA,NA,NA,NA,NA,NA,NA,NA,NA,NA,NA,NA,NA,NA
"353","GO:0009653",NA,1,1,NA,NA,"GO:0032502","GO:0048856",NA,NA,NA,NA,NA,NA,NA,NA,NA,NA,NA,NA,NA,NA,NA,NA,NA,NA
"354","GO:0009719",NA,1,1,NA,NA,"GO:0050896",NA,NA,NA,NA,NA,NA,NA,NA,NA,NA,NA,NA,NA,NA,NA,NA,NA,NA,NA
"355","GO:0009790",NA,1,1,NA,NA,"GO:0032502","GO:0048856","GO:0007275",NA,NA,NA,NA,NA,NA,NA,NA,NA,NA,NA,NA,NA,NA,NA,NA,NA
"356","GO:0009948",NA,1,1,NA,NA,"GO:0032502","GO:0048856","GO:0007275","GO:0007389","GO:0003002","GO:0009952",NA,NA,NA,NA,NA,NA,NA,NA,NA,NA,NA,NA,NA,NA
"357","GO:0009950",NA,1,1,NA,NA,"GO:0032502","GO:0048856","GO:0007275","GO:0007389","GO:0003002","GO:0009953",NA,NA,NA,NA,NA,NA,NA,NA,NA,NA,NA,NA,NA,NA
"358","GO:0009987",NA,1,1,NA,"GO:0008150",NA,NA,NA,NA,NA,NA,NA,NA,NA,NA,NA,NA,NA,NA,NA,NA,NA,NA,NA,NA
"359","GO:0015031",NA,1,1,NA,NA,"GO:0051179","GO:0051234","GO:0006810","GO:0071702",NA,NA,NA,NA,NA,NA,NA,NA,NA,NA,NA,NA,NA,NA,NA,NA
"360","GO:0015078",1,1,NA,NA,NA,NA,NA,NA,NA,NA,NA,NA,NA,NA,NA,NA,NA,NA,NA,NA,NA,NA,NA,NA,NA
"361","GO:0015144",1,1,NA,NA,NA,NA,NA,NA,NA,NA,NA,NA,NA,NA,NA,NA,NA,NA,NA,"GO:0005215","GO:1901476","GO:0022891",NA,NA,NA
"362","GO:0015171",1,1,NA,NA,NA,NA,NA,NA,NA,NA,NA,NA,NA,NA,NA,NA,NA,NA,NA,"GO:0005215","GO:0022892","GO:0022891","GO:0005342","GO:0046943",NA
"363","GO:0015276",1,1,NA,NA,NA,NA,NA,NA,NA,NA,NA,NA,NA,NA,NA,NA,NA,NA,NA,"GO:0060089","GO:0004872","GO:0099600","GO:0022834","GO:0022838","GO:0022834"
"364","GO:0015459",1,1,NA,NA,NA,NA,NA,NA,NA,NA,NA,NA,NA,NA,NA,NA,NA,NA,NA,"GO:0098772","GO:0016247",NA,NA,NA,NA
"365","GO:0015464",1,1,NA,NA,NA,NA,NA,NA,NA,NA,NA,NA,NA,NA,NA,NA,NA,NA,NA,"GO:0060089","GO:0004872","GO:0038023","GO:0030594",NA,NA
"366","GO:0015629",1,NA,1,NA,NA,NA,NA,NA,NA,NA,NA,NA,"GO:0044464","GO:0005622","GO:0044424","GO:0043229","GO:0043232","GO:0005856",NA,NA,NA,NA,NA,NA,NA
"367","GO:0015925",1,1,NA,NA,NA,NA,NA,NA,NA,NA,NA,NA,NA,NA,NA,NA,NA,NA,NA,"GO:0003824","GO:0016787","GO:0016798","GO:0004553",NA,NA
"368","GO:0015926",1,1,NA,NA,NA,NA,NA,NA,NA,NA,NA,NA,NA,NA,NA,NA,NA,NA,NA,"GO:0003824","GO:0016787","GO:0016798","GO:0004553",NA,NA
"369","GO:0015931",NA,1,1,NA,NA,"GO:0051179","GO:0051234","GO:0006810","GO:0071705",NA,NA,NA,NA,NA,NA,NA,NA,NA,NA,NA,NA,NA,NA,NA,NA
"370","GO:0016020",1,NA,1,NA,NA,NA,NA,NA,NA,NA,NA,"GO:0005575",NA,NA,NA,NA,NA,NA,NA,NA,NA,NA,NA,NA,NA
"371","GO:0016021",1,NA,1,NA,NA,NA,NA,NA,NA,NA,NA,NA,"GO:0016020","GO:0044425","GO:0031224",NA,NA,NA,NA,NA,NA,NA,NA,NA,NA
"372","GO:0016023",1,NA,1,NA,NA,NA,NA,NA,NA,NA,NA,NA,"GO:0005623","GO:0044464","GO:0005622","GO:0044424","GO:0005737","GO:0043231",NA,NA,NA,NA,NA,NA,NA
"373","GO:0016032",NA,1,1,NA,NA,"GO:0051704","GO:0044764","GO:0044403",NA,NA,NA,NA,NA,NA,NA,NA,NA,NA,NA,NA,NA,NA,NA,NA,NA
"374","GO:0016043",NA,1,1,NA,NA,"GO:0071840",NA,NA,NA,NA,NA,NA,NA,NA,NA,NA,NA,NA,NA,NA,NA,NA,NA,NA,NA
"375","GO:0016049",NA,1,1,NA,NA,"GO:0044699","GO:0044763",NA,NA,NA,NA,NA,NA,NA,NA,NA,NA,NA,NA,NA,NA,NA,NA,NA,NA
"376","GO:0016070",NA,1,1,NA,NA,"GO:0008152","GO:0071704","GO:0043170","GO:0090304","GO:0090304",NA,NA,NA,NA,NA,NA,NA,NA,NA,NA,NA,NA,NA,NA,NA
"377","GO:0016072",NA,1,1,NA,NA,"GO:0008152","GO:0071704","GO:0043170","GO:0090304","GO:0016070","GO:0034660",NA,NA,NA,NA,NA,NA,NA,NA,NA,NA,NA,NA,NA,NA
"378","GO:0016079",NA,1,1,NA,NA,"GO:0051179","GO:0051641","GO:0051649","GO:0099504","GO:0007269","GO:0007269",NA,NA,NA,NA,NA,NA,NA,NA,NA,NA,NA,NA,NA,NA
"379","GO:0016160",1,1,NA,NA,NA,NA,NA,NA,NA,NA,NA,NA,NA,NA,NA,NA,NA,NA,NA,"GO:0003824","GO:0016787","GO:0016798","GO:0004553",NA,NA
"380","GO:0016192",NA,1,1,NA,NA,"GO:0051179","GO:0051234","GO:0006810",NA,NA,NA,NA,NA,NA,NA,NA,NA,NA,NA,NA,NA,NA,NA,NA,NA
"381","GO:0016209",1,1,NA,NA,NA,NA,NA,NA,NA,NA,NA,NA,NA,NA,NA,NA,NA,NA,"GO:0003674",NA,NA,NA,NA,NA,NA
"382","GO:0016247",1,1,NA,NA,NA,NA,NA,NA,NA,NA,NA,NA,NA,NA,NA,NA,NA,NA,NA,"GO:0098772",NA,NA,NA,NA,NA
"383","GO:0016298",1,1,NA,NA,NA,NA,NA,NA,NA,NA,NA,NA,NA,NA,NA,NA,NA,NA,NA,"GO:0003824","GO:0016787","GO:0016788",NA,NA,NA
"384","GO:0016301",1,1,NA,NA,NA,NA,NA,NA,NA,NA,NA,NA,NA,NA,NA,NA,NA,NA,NA,"GO:0003824","GO:0016740","GO:0016772",NA,NA,NA
"385","GO:0016337",NA,1,1,NA,NA,"GO:0022610","GO:0007155","GO:0098609",NA,NA,NA,NA,NA,NA,NA,NA,NA,NA,NA,NA,NA,NA,NA,NA,NA
"386","GO:0016407",1,1,NA,NA,NA,NA,NA,NA,NA,NA,NA,NA,NA,NA,NA,NA,NA,NA,NA,"GO:0003824","GO:0016740","GO:0016746","GO:0016747",NA,NA
"387","GO:0016462",1,1,NA,NA,NA,NA,NA,NA,NA,NA,NA,NA,NA,NA,NA,NA,NA,NA,NA,"GO:0003824","GO:0016787","GO:0016817","GO:0016818",NA,NA
"388","GO:0016491",1,1,NA,NA,NA,NA,NA,NA,NA,NA,NA,NA,NA,NA,NA,NA,NA,NA,NA,"GO:0003824",NA,NA,NA,NA,NA
"389","GO:0016740",1,1,NA,NA,NA,NA,NA,NA,NA,NA,NA,NA,NA,NA,NA,NA,NA,NA,NA,"GO:0003824",NA,NA,NA,NA,NA
"390","GO:0016746",1,1,NA,NA,NA,NA,NA,NA,NA,NA,NA,NA,NA,NA,NA,NA,NA,NA,NA,"GO:0003824","GO:0016740",NA,NA,NA,NA
"391","GO:0016757",1,1,NA,NA,NA,NA,NA,NA,NA,NA,NA,NA,NA,NA,NA,NA,NA,NA,NA,"GO:0003824","GO:0016740",NA,NA,NA,NA
"392","GO:0016779",1,1,NA,NA,NA,NA,NA,NA,NA,NA,NA,NA,NA,NA,NA,NA,NA,NA,NA,"GO:0003824","GO:0016740","GO:0016772",NA,NA,NA
"393","GO:0016787",1,1,NA,NA,NA,NA,NA,NA,NA,NA,NA,NA,NA,NA,NA,NA,NA,NA,NA,"GO:0003824",NA,NA,NA,NA,NA
"394","GO:0016788",1,1,NA,NA,NA,NA,NA,NA,NA,NA,NA,NA,NA,NA,NA,NA,NA,NA,NA,"GO:0003824","GO:0016787",NA,NA,NA,NA
"395","GO:0016791",1,1,NA,NA,NA,NA,NA,NA,NA,NA,NA,NA,NA,NA,NA,NA,NA,NA,NA,"GO:0003824","GO:0016787","GO:0016788","GO:0042578",NA,NA
"396","GO:0016799",1,1,NA,NA,NA,NA,NA,NA,NA,NA,NA,NA,NA,NA,NA,NA,NA,NA,NA,"GO:0003824","GO:0016787","GO:0016798",NA,NA,NA
"397","GO:0016829",1,1,NA,NA,NA,NA,NA,NA,NA,NA,NA,NA,NA,NA,NA,NA,NA,NA,NA,"GO:0003824",NA,NA,NA,NA,NA
"398","GO:0016831",1,1,NA,NA,NA,NA,NA,NA,NA,NA,NA,NA,NA,NA,NA,NA,NA,NA,NA,"GO:0003824","GO:0016829","GO:0016830",NA,NA,NA
"399","GO:0016832",1,1,NA,NA,NA,NA,NA,NA,NA,NA,NA,NA,NA,NA,NA,NA,NA,NA,NA,"GO:0003824","GO:0016829","GO:0016830",NA,NA,NA
"400","GO:0016836",1,1,NA,NA,NA,NA,NA,NA,NA,NA,NA,NA,NA,NA,NA,NA,NA,NA,NA,"GO:0003824","GO:0016829","GO:0016835",NA,NA,NA
"401","GO:0016853",1,1,NA,NA,NA,NA,NA,NA,NA,NA,NA,NA,NA,NA,NA,NA,NA,NA,NA,"GO:0003824",NA,NA,NA,NA,NA
"402","GO:0016854",1,1,NA,NA,NA,NA,NA,NA,NA,NA,NA,NA,NA,NA,NA,NA,NA,NA,NA,"GO:0003824","GO:0016853",NA,NA,NA,NA
"403","GO:0016866",1,1,NA,NA,NA,NA,NA,NA,NA,NA,NA,NA,NA,NA,NA,NA,NA,NA,NA,"GO:0003824","GO:0016853",NA,NA,NA,NA
"404","GO:0016874",1,1,NA,NA,NA,NA,NA,NA,NA,NA,NA,NA,NA,NA,NA,NA,NA,NA,NA,"GO:0003824",NA,NA,NA,NA,NA
"405","GO:0016917",1,1,NA,NA,NA,NA,NA,NA,NA,NA,NA,NA,NA,NA,NA,NA,NA,NA,NA,"GO:0060089","GO:0004872","GO:0099600","GO:0004888",NA,NA
"406","GO:0017080",1,1,NA,NA,NA,NA,NA,NA,NA,NA,NA,NA,NA,NA,NA,NA,NA,NA,NA,"GO:0098772","GO:0016247",NA,NA,NA,NA
"407","GO:0017081",1,1,NA,NA,NA,NA,NA,NA,NA,NA,NA,NA,NA,NA,NA,NA,NA,NA,NA,"GO:0098772","GO:0016247",NA,NA,NA,NA
"408","GO:0019104",1,1,NA,NA,NA,NA,NA,NA,NA,NA,NA,NA,NA,NA,NA,NA,NA,NA,NA,"GO:0003824","GO:0016787","GO:0016798","GO:0016799",NA,NA
"409","GO:0019199",1,1,NA,NA,NA,NA,NA,NA,NA,NA,NA,NA,NA,NA,NA,NA,NA,NA,NA,"GO:0060089","GO:0004872","GO:0099600","GO:0004888","GO:0004672",NA
"410","GO:0019200",1,1,NA,NA,NA,NA,NA,NA,NA,NA,NA,NA,NA,NA,NA,NA,NA,NA,NA,"GO:0003824","GO:0016740","GO:0016772","GO:0016301",NA,NA
"411","GO:0019201",1,1,NA,NA,NA,NA,NA,NA,NA,NA,NA,NA,NA,NA,NA,NA,NA,NA,NA,"GO:0003824","GO:0016740","GO:0016772","GO:0016301","GO:0019205",NA
"412","GO:0019202",1,1,NA,NA,NA,NA,NA,NA,NA,NA,NA,NA,NA,NA,NA,NA,NA,NA,NA,"GO:0003824","GO:0016740","GO:0016772","GO:0016301",NA,NA
"413","GO:0019203",1,1,NA,NA,NA,NA,NA,NA,NA,NA,NA,NA,NA,NA,NA,NA,NA,NA,NA,"GO:0003824","GO:0016787","GO:0016788","GO:0042578","GO:0016791",NA
"414","GO:0019207",1,1,NA,NA,NA,NA,NA,NA,NA,NA,NA,NA,NA,NA,NA,NA,NA,NA,NA,"GO:0098772","GO:0030234",NA,NA,NA,NA
"415","GO:0019208",1,1,NA,NA,NA,NA,NA,NA,NA,NA,NA,NA,NA,NA,NA,NA,NA,NA,NA,"GO:0098772","GO:0030234",NA,NA,NA,NA
"416","GO:0019209",1,1,NA,NA,NA,NA,NA,NA,NA,NA,NA,NA,NA,NA,NA,NA,NA,NA,NA,"GO:0098772","GO:0030234","GO:0019207",NA,NA,NA
"417","GO:0019210",1,1,NA,NA,NA,NA,NA,NA,NA,NA,NA,NA,NA,NA,NA,NA,NA,NA,NA,"GO:0098772","GO:0030234","GO:0019207",NA,NA,NA
"418","GO:0019211",1,1,NA,NA,NA,NA,NA,NA,NA,NA,NA,NA,NA,NA,NA,NA,NA,NA,NA,"GO:0098772","GO:0030234","GO:0019208",NA,NA,NA
"419","GO:0019212",1,1,NA,NA,NA,NA,NA,NA,NA,NA,NA,NA,NA,NA,NA,NA,NA,NA,NA,"GO:0098772","GO:0030234","GO:0019208",NA,NA,NA
"420","GO:0019213",1,1,NA,NA,NA,NA,NA,NA,NA,NA,NA,NA,NA,NA,NA,NA,NA,NA,NA,"GO:0003824","GO:0016787",NA,NA,NA,NA
"421","GO:0019215",1,1,NA,NA,NA,NA,NA,NA,NA,NA,NA,NA,NA,NA,NA,NA,NA,NA,NA,"GO:0005488","GO:0044877","GO:0032403",NA,NA,NA
"422","GO:0019219",NA,1,1,NA,NA,"GO:0008152","GO:0071704","GO:1901360","GO:0006139",NA,NA,NA,NA,NA,NA,NA,NA,NA,NA,NA,NA,NA,NA,NA,NA
"423","GO:0019220",NA,1,1,NA,NA,"GO:0009987","GO:0044237","GO:0006793","GO:0006796","GO:0051174",NA,NA,NA,NA,NA,NA,NA,NA,NA,NA,NA,NA,NA,NA,NA
"424","GO:0019221",NA,1,1,NA,NA,"GO:0050896","GO:0051716","GO:0070887","GO:0071310","GO:0071345",NA,NA,NA,NA,NA,NA,NA,NA,NA,NA,NA,NA,NA,NA,NA
"425","GO:0019227",NA,1,1,NA,NA,"GO:0044699","GO:0044763","GO:0007154","GO:0019226","GO:0098870",NA,NA,NA,NA,NA,NA,NA,NA,NA,NA,NA,NA,NA,NA,NA
"426","GO:0019229",NA,1,1,NA,NA,"GO:0032501","GO:0003008","GO:0003013","GO:0008015","GO:0050880","GO:0042310",NA,NA,NA,NA,NA,NA,NA,NA,NA,NA,NA,NA,NA,NA
"427","GO:0019233",NA,1,1,NA,NA,"GO:0032501","GO:0003008","GO:0050877","GO:0007600",NA,NA,NA,NA,NA,NA,NA,NA,NA,NA,NA,NA,NA,NA,NA,NA
"428","GO:0019236",NA,1,1,NA,NA,"GO:0050896","GO:0042221","GO:0010033",NA,NA,NA,NA,NA,NA,NA,NA,NA,NA,NA,NA,NA,NA,NA,NA,NA
"429","GO:0019237",1,1,NA,NA,NA,NA,NA,NA,NA,NA,NA,NA,NA,NA,NA,NA,NA,NA,NA,"GO:0005488","GO:1901363","GO:0003676","GO:0003677","GO:0043565","GO:1990837"
"430","GO:0019239",1,1,NA,NA,NA,NA,NA,NA,NA,NA,NA,NA,NA,NA,NA,NA,NA,NA,NA,"GO:0003824",NA,NA,NA,NA,NA
"431","GO:0019538",NA,1,1,NA,NA,"GO:0008152","GO:0044238","GO:0043170",NA,NA,NA,NA,NA,NA,NA,NA,NA,NA,NA,NA,NA,NA,NA,NA,NA
"432","GO:0019722",NA,1,1,NA,NA,"GO:0044699","GO:0044763","GO:0007154","GO:0007165","GO:0035556","GO:0019932",NA,NA,NA,NA,NA,NA,NA,NA,NA,NA,NA,NA,NA,NA
"433","GO:0019724",NA,1,1,NA,NA,"GO:0050896","GO:0006955","GO:0002250","GO:0002460",NA,NA,NA,NA,NA,NA,NA,NA,NA,NA,NA,NA,NA,NA,NA,NA
"434","GO:0019740",NA,1,1,NA,NA,"GO:0044699",NA,NA,NA,NA,NA,NA,NA,NA,NA,NA,NA,NA,NA,NA,NA,NA,NA,NA,NA
"435","GO:0019748",NA,1,1,NA,NA,"GO:0044699","GO:0044710",NA,NA,NA,NA,NA,NA,NA,NA,NA,NA,NA,NA,NA,NA,NA,NA,NA,NA
"436","GO:0019763",1,1,NA,NA,NA,NA,NA,NA,NA,NA,NA,NA,NA,NA,NA,NA,NA,NA,NA,"GO:0060089","GO:0004872","GO:0099600","GO:0004888",NA,NA
"437","GO:0019814",1,NA,1,NA,NA,NA,NA,NA,NA,NA,NA,NA,"GO:0032991","GO:0043234",NA,NA,NA,NA,NA,NA,NA,NA,NA,NA,NA
"438","GO:0019825",1,1,NA,NA,NA,NA,NA,NA,NA,NA,NA,NA,NA,NA,NA,NA,NA,NA,NA,"GO:0005488",NA,NA,NA,NA,NA
"439","GO:0019882",NA,1,1,NA,NA,"GO:0002376",NA,NA,NA,NA,NA,NA,NA,NA,NA,NA,NA,NA,NA,NA,NA,NA,NA,NA,NA
"440","GO:0019911",1,1,NA,NA,NA,NA,NA,NA,NA,NA,NA,NA,NA,NA,NA,NA,NA,NA,NA,"GO:0005198",NA,NA,NA,NA,NA
"441","GO:0022602",NA,1,1,NA,NA,"GO:0032501","GO:0032504","GO:0048609","GO:0042698",NA,NA,NA,NA,NA,NA,NA,NA,NA,NA,NA,NA,NA,NA,NA,NA
"442","GO:0022610",NA,1,1,NA,"GO:0008150",NA,NA,NA,NA,NA,NA,NA,NA,NA,NA,NA,NA,NA,NA,NA,NA,NA,NA,NA,NA
"443","GO:0022857",1,1,NA,NA,NA,NA,NA,NA,NA,NA,NA,NA,NA,NA,NA,NA,NA,NA,NA,"GO:0005215",NA,NA,NA,NA,NA
"444","GO:0022904",NA,1,1,NA,NA,"GO:0044699","GO:0044710","GO:0055114","GO:0015980","GO:0045333",NA,NA,NA,NA,NA,NA,NA,NA,NA,NA,NA,NA,NA,NA,NA
"445","GO:0030054",1,NA,1,NA,NA,NA,NA,NA,NA,NA,NA,"GO:0005575",NA,NA,NA,NA,NA,NA,NA,NA,NA,NA,NA,NA,NA
"446","GO:0030097",NA,1,1,NA,NA,"GO:0032502","GO:0048856","GO:0007275","GO:0048731","GO:0002520","GO:0048534",NA,NA,NA,NA,NA,NA,NA,NA,NA,NA,NA,NA,NA,NA
"447","GO:0030101",NA,1,1,NA,NA,"GO:0044699","GO:0044763","GO:0001775","GO:0045321","GO:0046649",NA,NA,NA,NA,NA,NA,NA,NA,NA,NA,NA,NA,NA,NA,NA
"448","GO:0030120",1,NA,1,NA,NA,NA,NA,NA,NA,NA,NA,NA,"GO:0044464","GO:0044424","GO:0005737","GO:0016023","GO:0030135","GO:0030662",NA,NA,NA,NA,NA,NA,NA
"449","GO:0030154",NA,1,1,NA,NA,"GO:0044699","GO:0044767","GO:0048869",NA,NA,NA,NA,NA,NA,NA,NA,NA,NA,NA,NA,NA,NA,NA,NA,NA
"450","GO:0030234",1,1,NA,NA,NA,NA,NA,NA,NA,NA,NA,NA,NA,NA,NA,NA,NA,NA,NA,"GO:0098772",NA,NA,NA,NA,NA
"451","GO:0030246",1,1,NA,NA,NA,NA,NA,NA,NA,NA,NA,NA,NA,NA,NA,NA,NA,NA,NA,"GO:0005488",NA,NA,NA,NA,NA
"452","GO:0030312",1,NA,1,NA,NA,NA,NA,NA,NA,NA,NA,NA,"GO:0005623","GO:0044464","GO:0071944",NA,NA,NA,NA,NA,NA,NA,NA,NA,NA
"453","GO:0030313",1,NA,1,NA,NA,NA,NA,NA,NA,NA,NA,NA,"GO:0005623","GO:0044464","GO:0031975",NA,NA,NA,NA,NA,NA,NA,NA,NA,NA
"454","GO:0030337",1,1,NA,NA,NA,NA,NA,NA,NA,NA,NA,NA,NA,NA,NA,NA,NA,NA,NA,"GO:0098772","GO:0030234",NA,NA,NA,NA
"455","GO:0030380",1,1,NA,NA,NA,NA,NA,NA,NA,NA,NA,NA,NA,NA,NA,NA,NA,NA,NA,"GO:0005488","GO:0005515","GO:0005102","GO:0005126",NA,NA
"456","GO:0030414",1,1,NA,NA,NA,NA,NA,NA,NA,NA,NA,NA,NA,NA,NA,NA,NA,NA,NA,"GO:0098772","GO:0030234","GO:0061134",NA,NA,NA
"457","GO:0030424",1,NA,1,NA,NA,NA,NA,NA,NA,NA,NA,NA,"GO:0005623","GO:0044464","GO:0097458","GO:0043005",NA,NA,NA,NA,NA,NA,NA,NA,NA
"458","GO:0030425",1,NA,1,NA,NA,NA,NA,NA,NA,NA,NA,NA,"GO:0005623","GO:0044464","GO:0097458","GO:0036477",NA,NA,NA,NA,NA,NA,NA,NA,NA
"459","GO:0030529",1,NA,1,NA,NA,NA,NA,NA,NA,NA,NA,NA,"GO:0032991","GO:1990904","GO:0005622","GO:0044424",NA,NA,NA,NA,NA,NA,NA,NA,NA
"460","GO:0030545",1,1,NA,NA,NA,NA,NA,NA,NA,NA,NA,NA,NA,NA,NA,NA,NA,NA,NA,"GO:0098772",NA,NA,NA,NA,NA
"461","GO:0030546",1,1,NA,NA,NA,NA,NA,NA,NA,NA,NA,NA,NA,NA,NA,NA,NA,NA,NA,"GO:0098772","GO:0030545",NA,NA,NA,NA
"462","GO:0030547",1,1,NA,NA,NA,NA,NA,NA,NA,NA,NA,NA,NA,NA,NA,NA,NA,NA,NA,"GO:0098772","GO:0030545",NA,NA,NA,NA
"463","GO:0030879",NA,1,1,NA,NA,"GO:0032502","GO:0048856","GO:0007275","GO:0048731","GO:0048513","GO:0048732",NA,NA,NA,NA,NA,NA,NA,NA,NA,NA,NA,NA,NA,NA
"464","GO:0031012",1,NA,1,NA,NA,NA,NA,NA,NA,NA,NA,NA,"GO:0005576","GO:0044421",NA,NA,NA,NA,NA,NA,NA,NA,NA,NA,NA
"465","GO:0031124",NA,1,1,NA,NA,"GO:0008152","GO:0071704","GO:0043170","GO:0010467","GO:0006396","GO:0031123",NA,NA,NA,NA,NA,NA,NA,NA,NA,NA,NA,NA,NA,NA
"466","GO:0031201",1,NA,1,NA,NA,NA,NA,NA,NA,NA,NA,NA,"GO:0016020","GO:0098796","GO:0098796","GO:0044424","GO:0005737","GO:0044444",NA,NA,NA,NA,NA,NA,NA
"467","GO:0031386",1,1,NA,NA,NA,NA,NA,NA,NA,NA,NA,NA,NA,NA,NA,NA,NA,NA,"GO:0003674",NA,NA,NA,NA,NA,NA
"468","GO:0031497",NA,1,1,NA,NA,"GO:0071840","GO:0016043","GO:0006996","GO:0051276","GO:0071103","GO:0006323",NA,NA,NA,NA,NA,NA,NA,NA,NA,NA,NA,NA,NA,NA
"469","GO:0031594",1,NA,1,NA,NA,NA,NA,NA,NA,NA,NA,NA,"GO:0045202",NA,NA,NA,NA,NA,NA,NA,NA,NA,NA,NA,NA
"470","GO:0032393",1,1,NA,NA,NA,NA,NA,NA,NA,NA,NA,NA,NA,NA,NA,NA,NA,NA,NA,"GO:0060089","GO:0004872","GO:0099600","GO:0004888",NA,NA
"471","GO:0032394",1,1,NA,NA,NA,NA,NA,NA,NA,NA,NA,NA,NA,NA,NA,NA,NA,NA,NA,"GO:0060089","GO:0004872","GO:0099600","GO:0004888",NA,NA
"472","GO:0032395",1,1,NA,NA,NA,NA,NA,NA,NA,NA,NA,NA,NA,NA,NA,NA,NA,NA,NA,"GO:0060089","GO:0004872","GO:0099600","GO:0004888",NA,NA
"473","GO:0032501",NA,1,1,NA,"GO:0008150",NA,NA,NA,NA,NA,NA,NA,NA,NA,NA,NA,NA,NA,NA,NA,NA,NA,NA,NA,NA
"474","GO:0032502",NA,1,1,NA,"GO:0008150",NA,NA,NA,NA,NA,NA,NA,NA,NA,NA,NA,NA,NA,NA,NA,NA,NA,NA,NA,NA
"475","GO:0032543",NA,1,1,NA,NA,"GO:0071840","GO:0016043","GO:0006996","GO:0007005","GO:0006412","GO:0006412",NA,NA,NA,NA,NA,NA,NA,NA,NA,NA,NA,NA,NA,NA
"476","GO:0032791",1,1,NA,NA,NA,NA,NA,NA,NA,NA,NA,NA,NA,NA,NA,NA,NA,NA,NA,"GO:0005488","GO:0043167","GO:0043169","GO:0046872",NA,NA
"477","GO:0032989",NA,1,1,NA,NA,"GO:0044699","GO:0044767","GO:0048869",NA,NA,NA,NA,NA,NA,NA,NA,NA,NA,NA,NA,NA,NA,NA,NA,NA
"478","GO:0032991",1,NA,1,NA,NA,NA,NA,NA,NA,NA,NA,"GO:0005575",NA,NA,NA,NA,NA,NA,NA,NA,NA,NA,NA,NA,NA
"479","GO:0032993",1,NA,1,NA,NA,NA,NA,NA,NA,NA,NA,NA,"GO:0032991",NA,NA,NA,NA,NA,NA,NA,NA,NA,NA,NA,NA
"480","GO:0034341",NA,1,1,NA,NA,"GO:0050896","GO:0006955","GO:0045087","GO:0045087",NA,NA,NA,NA,NA,NA,NA,NA,NA,NA,NA,NA,NA,NA,NA,NA
"481","GO:0035556",NA,1,1,NA,NA,"GO:0050896","GO:0051716","GO:0007165","GO:0007165",NA,NA,NA,NA,NA,NA,NA,NA,NA,NA,NA,NA,NA,NA,NA,NA
"482","GO:0040007",NA,1,1,NA,"GO:0008150",NA,NA,NA,NA,NA,NA,NA,NA,NA,NA,NA,NA,NA,NA,NA,NA,NA,NA,NA,NA
"483","GO:0040011",NA,1,1,NA,"GO:0008150",NA,NA,NA,NA,NA,NA,NA,NA,NA,NA,NA,NA,NA,NA,NA,NA,NA,NA,NA,NA
"484","GO:0040029",NA,1,1,NA,NA,"GO:0008152","GO:0071704","GO:0043170","GO:0010467","GO:0010468",NA,NA,NA,NA,NA,NA,NA,NA,NA,NA,NA,NA,NA,NA,NA
"485","GO:0042116",NA,1,1,NA,NA,"GO:0044699","GO:0044763","GO:0001775","GO:0045321","GO:0002274",NA,NA,NA,NA,NA,NA,NA,NA,NA,NA,NA,NA,NA,NA,NA
"486","GO:0042175",1,NA,1,NA,NA,NA,NA,NA,NA,NA,NA,NA,"GO:0005623","GO:0044464","GO:0012505",NA,NA,NA,NA,NA,NA,NA,NA,NA,NA
"487","GO:0042558",NA,1,1,NA,NA,"GO:0008152","GO:0071704","GO:1901564",NA,NA,NA,NA,NA,NA,NA,NA,NA,NA,NA,NA,NA,NA,NA,NA,NA
"488","GO:0042592",NA,1,1,NA,NA,"GO:0065007","GO:0065008",NA,NA,NA,NA,NA,NA,NA,NA,NA,NA,NA,NA,NA,NA,NA,NA,NA,NA
"489","GO:0042611",1,NA,1,NA,NA,NA,NA,NA,NA,NA,NA,NA,"GO:0005623","GO:0044464","GO:0071944","GO:0005886","GO:0098797","GO:0098797",NA,NA,NA,NA,NA,NA,NA
"490","GO:0042626",1,1,NA,NA,NA,NA,NA,NA,NA,NA,NA,NA,NA,NA,NA,NA,NA,NA,NA,"GO:0005215","GO:0022857","GO:0022804","GO:0016820","GO:0015405",NA
"491","GO:0042734",1,NA,1,NA,NA,NA,NA,NA,NA,NA,NA,NA,"GO:0045202","GO:0098793","GO:0098793","GO:0098793","GO:0097060","GO:0097060",NA,NA,NA,NA,NA,NA,NA
"492","GO:0042742",NA,1,1,NA,NA,"GO:0050896","GO:0009607","GO:0043207","GO:0051707","GO:0098542",NA,NA,NA,NA,NA,NA,NA,NA,NA,NA,NA,NA,NA,NA,NA
"493","GO:0042995",1,NA,1,NA,NA,NA,NA,NA,NA,NA,NA,NA,"GO:0005623","GO:0044464",NA,NA,NA,NA,NA,NA,NA,NA,NA,NA,NA
"494","GO:0043005",1,NA,1,NA,NA,NA,NA,NA,NA,NA,NA,NA,"GO:0005623","GO:0044464","GO:0097458",NA,NA,NA,NA,NA,NA,NA,NA,NA,NA
"495","GO:0043025",1,NA,1,NA,NA,NA,NA,NA,NA,NA,NA,NA,"GO:0005623","GO:0044464","GO:0097458","GO:0036477",NA,NA,NA,NA,NA,NA,NA,NA,NA
"496","GO:0043066",NA,1,1,NA,NA,"GO:0044699","GO:0044763","GO:0008219","GO:0012501","GO:0006915","GO:0043069",NA,NA,NA,NA,NA,NA,NA,NA,NA,NA,NA,NA,NA,NA
"497","GO:0043226",1,NA,1,NA,NA,NA,NA,NA,NA,NA,NA,"GO:0005575",NA,NA,NA,NA,NA,NA,NA,NA,NA,NA,NA,NA,NA
"498","GO:0043234",1,NA,1,NA,NA,NA,NA,NA,NA,NA,NA,NA,"GO:0032991",NA,NA,NA,NA,NA,NA,NA,NA,NA,NA,NA,NA
"499","GO:0043574",NA,1,1,NA,NA,"GO:0051179","GO:0051234","GO:0006810",NA,NA,NA,NA,NA,NA,NA,NA,NA,NA,NA,NA,NA,NA,NA,NA,NA
"500","GO:0043855",1,1,NA,NA,NA,NA,NA,NA,NA,NA,NA,NA,NA,NA,NA,NA,NA,NA,NA,"GO:0060089","GO:0004872","GO:0099600","GO:0022834","GO:0015276","GO:0015276"
"501","GO:0044085",NA,1,1,NA,NA,"GO:0071840",NA,NA,NA,NA,NA,NA,NA,NA,NA,NA,NA,NA,NA,NA,NA,NA,NA,NA,NA
"502","GO:0044238",NA,1,1,NA,NA,"GO:0008152",NA,NA,NA,NA,NA,NA,NA,NA,NA,NA,NA,NA,NA,NA,NA,NA,NA,NA,NA
"503","GO:0044464",1,NA,1,NA,NA,NA,NA,NA,NA,NA,NA,"GO:0005575","GO:0005623",NA,NA,NA,NA,NA,NA,NA,NA,NA,NA,NA,NA
"504","GO:0044706",NA,1,1,NA,NA,"GO:0051704",NA,NA,NA,NA,NA,NA,NA,NA,NA,NA,NA,NA,NA,NA,NA,NA,NA,NA,NA
"505","GO:0044707",NA,1,1,NA,NA,"GO:0044699",NA,NA,NA,NA,NA,NA,NA,NA,NA,NA,NA,NA,NA,NA,NA,NA,NA,NA,NA
"506","GO:0045111",1,NA,1,NA,NA,NA,NA,NA,NA,NA,NA,NA,"GO:0044464","GO:0005622","GO:0044424","GO:0043229","GO:0043232","GO:0005856",NA,NA,NA,NA,NA,NA,NA
"507","GO:0045177",1,NA,1,NA,NA,NA,NA,NA,NA,NA,NA,NA,"GO:0005623","GO:0044464",NA,NA,NA,NA,NA,NA,NA,NA,NA,NA,NA
"508","GO:0045178",1,NA,1,NA,NA,NA,NA,NA,NA,NA,NA,NA,"GO:0005623","GO:0044464",NA,NA,NA,NA,NA,NA,NA,NA,NA,NA,NA
"509","GO:0045182",1,1,NA,NA,NA,NA,NA,NA,NA,NA,NA,NA,NA,NA,NA,NA,NA,NA,"GO:0003674",NA,NA,NA,NA,NA,NA
"510","GO:0045202",1,NA,1,NA,NA,NA,NA,NA,NA,NA,NA,"GO:0005575",NA,NA,NA,NA,NA,NA,NA,NA,NA,NA,NA,NA,NA
"511","GO:0045211",1,NA,1,NA,NA,NA,NA,NA,NA,NA,NA,NA,"GO:0045202","GO:0098794","GO:0098794","GO:0097060","GO:0097060","GO:0097060",NA,NA,NA,NA,NA,NA,NA
"512","GO:0045259",1,NA,1,NA,NA,NA,NA,NA,NA,NA,NA,NA,"GO:0005623","GO:0044464","GO:0005622","GO:0044424",NA,NA,NA,NA,NA,NA,NA,NA,NA
"513","GO:0045298",1,NA,1,NA,NA,NA,NA,NA,NA,NA,NA,NA,"GO:0044464","GO:0044424","GO:0043229","GO:0043232","GO:0005856","GO:0044430",NA,NA,NA,NA,NA,NA,NA
"514","GO:0046933",1,1,NA,NA,NA,NA,NA,NA,NA,NA,NA,NA,NA,NA,NA,NA,NA,NA,NA,"GO:0005215","GO:0022857","GO:0022804","GO:0022853","GO:0042625","GO:0044769"
"515","GO:0048511",NA,1,1,NA,"GO:0008150",NA,NA,NA,NA,NA,NA,NA,NA,NA,NA,NA,NA,NA,NA,NA,NA,NA,NA,NA,NA
"516","GO:0048512",NA,1,1,NA,NA,"GO:0048511","GO:0007623",NA,NA,NA,NA,NA,NA,NA,NA,NA,NA,NA,NA,NA,NA,NA,NA,NA,NA
"517","GO:0048731",NA,1,1,NA,NA,"GO:0032502","GO:0048856","GO:0007275",NA,NA,NA,NA,NA,NA,NA,NA,NA,NA,NA,NA,NA,NA,NA,NA,NA
"518","GO:0050789",NA,1,1,NA,"GO:0008150","GO:0065007",NA,NA,NA,NA,NA,NA,NA,NA,NA,NA,NA,NA,NA,NA,NA,NA,NA,NA,NA
"519","GO:0050790",NA,1,1,NA,NA,"GO:0065007","GO:0065009",NA,NA,NA,NA,NA,NA,NA,NA,NA,NA,NA,NA,NA,NA,NA,NA,NA,NA
"520","GO:0050828",NA,1,1,NA,NA,"GO:0065007","GO:0065008","GO:0042592",NA,NA,NA,NA,NA,NA,NA,NA,NA,NA,NA,NA,NA,NA,NA,NA,NA
"521","GO:0050877",NA,1,1,NA,NA,"GO:0032501","GO:0003008",NA,NA,NA,NA,NA,NA,NA,NA,NA,NA,NA,NA,NA,NA,NA,NA,NA,NA
"522","GO:0050896",NA,1,1,NA,"GO:0008150",NA,NA,NA,NA,NA,NA,NA,NA,NA,NA,NA,NA,NA,NA,NA,NA,NA,NA,NA,NA
"523","GO:0050909",NA,1,1,NA,NA,"GO:0032501","GO:0003008","GO:0050877","GO:0007600","GO:0007606",NA,NA,NA,NA,NA,NA,NA,NA,NA,NA,NA,NA,NA,NA,NA
"524","GO:0051090",NA,1,1,NA,NA,"GO:0065007","GO:0065009","GO:0043170","GO:0010467","GO:0006351","GO:0006355",NA,NA,NA,NA,NA,NA,NA,NA,NA,NA,NA,NA,NA,NA
"525","GO:0051098",NA,1,1,NA,NA,"GO:0065007","GO:0065009",NA,NA,NA,NA,NA,NA,NA,NA,NA,NA,NA,NA,NA,NA,NA,NA,NA,NA
"526","GO:0051169",NA,1,1,NA,NA,"GO:0051179","GO:0051641","GO:0051649","GO:0046907",NA,NA,NA,NA,NA,NA,NA,NA,NA,NA,NA,NA,NA,NA,NA,NA
"527","GO:0051179",NA,1,1,NA,"GO:0008150",NA,NA,NA,NA,NA,NA,NA,NA,NA,NA,NA,NA,NA,NA,NA,NA,NA,NA,NA,NA
"528","GO:0051180",NA,1,1,NA,NA,"GO:0051179","GO:1902578","GO:0044765","GO:0044765",NA,NA,NA,NA,NA,NA,NA,NA,NA,NA,NA,NA,NA,NA,NA,NA
"529","GO:0051189",NA,1,1,NA,NA,"GO:0008152","GO:0071704","GO:0043170","GO:0044260","GO:0044267",NA,NA,NA,NA,NA,NA,NA,NA,NA,NA,NA,NA,NA,NA,NA
"530","GO:0051726",NA,1,1,NA,NA,"GO:0044699","GO:0044763","GO:0007049",NA,NA,NA,NA,NA,NA,NA,NA,NA,NA,NA,NA,NA,NA,NA,NA,NA
"531","GO:0065007",NA,1,1,NA,"GO:0008150",NA,NA,NA,NA,NA,NA,NA,NA,NA,NA,NA,NA,NA,NA,NA,NA,NA,NA,NA,NA
"532","GO:0065009",NA,1,1,NA,NA,"GO:0065007",NA,NA,NA,NA,NA,NA,NA,NA,NA,NA,NA,NA,NA,NA,NA,NA,NA,NA,NA
"533","GO:0070271",NA,1,1,NA,NA,"GO:0071840","GO:0044085",NA,NA,NA,NA,NA,NA,NA,NA,NA,NA,NA,NA,NA,NA,NA,NA,NA,NA
"534","GO:0071840",NA,1,1,NA,"GO:0008150",NA,NA,NA,NA,NA,NA,NA,NA,NA,NA,NA,NA,NA,NA,NA,NA,NA,NA,NA,NA
