"","goid","BP","CC","MF","sum","BP1","BP2","BP3","BP4","BP5","BP6","BP7","CC1","CC2","CC3","CC4","CC5","CC6","CC7","MF1","MF2","MF3","MF4","MF5","MF6","MF7","V27","go2eg","go2alleg"
"1","GO:0000003",NA,1,1,NA,"GO:0008150",NA,NA,NA,NA,NA,NA,NA,NA,NA,NA,NA,NA,NA,NA,NA,NA,NA,NA,NA,NA,"reproduction",2,1536
"2","GO:0000165",NA,1,1,NA,NA,"GO:0008152",NA,"GO:0007154","GO:0007165","GO:0035556",NA,NA,NA,NA,NA,NA,NA,NA,NA,NA,NA,NA,NA,NA,NA,"MAPK cascade",267,1097
"3","GO:0000166",1,1,NA,NA,NA,NA,NA,NA,NA,NA,NA,NA,NA,NA,NA,NA,NA,NA,NA,"GO:0005488",NA,NA,NA,NA,NA,"nucleotide binding",308,2416
"4","GO:0000228",1,NA,1,NA,NA,NA,NA,NA,NA,NA,NA,NA,"GO:0044464","GO:0005622",NA,NA,NA,NA,NA,NA,NA,NA,NA,NA,NA,"nuclear chromosome",49,597
"5","GO:0000229",1,NA,1,NA,NA,NA,NA,NA,NA,NA,NA,NA,"GO:0043226","GO:0044464","GO:0005622",NA,"GO:0005737",NA,NA,NA,NA,NA,NA,NA,NA,"cytoplasmic chromosome",NA,2
"6","GO:0000375",NA,1,1,NA,NA,"GO:0008152",NA,NA,NA,NA,"GO:0008380",NA,NA,NA,NA,NA,NA,NA,NA,NA,NA,NA,NA,NA,NA,"RNA splicing, via transesterification reactions",25,492
"7","GO:0000398",NA,1,1,NA,NA,"GO:0009987",NA,NA,"GO:0016070",NA,"GO:0006397",NA,NA,NA,NA,NA,NA,NA,NA,NA,NA,NA,NA,NA,NA,"mRNA splicing, via spliceosome",315,486
"8","GO:0000910",NA,1,1,NA,NA,"GO:0009987",NA,NA,NA,NA,NA,NA,NA,NA,NA,NA,NA,NA,NA,NA,NA,NA,NA,NA,NA,"cytokinesis",48,151
"9","GO:0000981",1,1,NA,NA,NA,NA,NA,NA,NA,NA,NA,NA,NA,NA,NA,NA,NA,NA,NA,"GO:0001071","GO:0003700",NA,NA,NA,NA,"RNA polymerase II transcription factor activity, sequence-specific DNA binding",166,813
"10","GO:0000988",1,1,NA,NA,NA,NA,NA,NA,NA,NA,NA,NA,NA,NA,NA,NA,NA,NA,"GO:0003674",NA,NA,NA,NA,NA,NA,"transcription factor activity, protein binding",5,698
"11","GO:0000989",1,1,NA,NA,NA,NA,NA,NA,NA,NA,NA,NA,NA,NA,NA,NA,NA,NA,NA,"GO:0000988",NA,NA,NA,NA,NA,"transcription factor activity, transcription factor binding",13,693
"12","GO:0000990",1,1,NA,NA,NA,NA,NA,NA,NA,NA,NA,NA,NA,NA,NA,NA,NA,NA,NA,"GO:0000988",NA,NA,NA,NA,NA,"transcription factor activity, core RNA polymerase binding",NA,2
"13","GO:0000991",1,1,NA,NA,NA,NA,NA,NA,NA,NA,NA,NA,NA,NA,NA,NA,NA,NA,NA,"GO:0000988","GO:0000990",NA,NA,NA,NA,"transcription factor activity, core RNA polymerase II binding",1,1
"14","GO:0000995",1,1,NA,NA,NA,NA,NA,NA,NA,NA,NA,NA,NA,NA,NA,NA,NA,NA,NA,"GO:0000988","GO:0000990",NA,NA,NA,NA,"transcription factor activity, core RNA polymerase III binding",NA,1
"15","GO:0001007",1,1,NA,NA,NA,NA,NA,NA,NA,NA,NA,NA,NA,NA,NA,NA,NA,NA,NA,"GO:0000988","GO:0000989",NA,NA,NA,NA,"transcription factor activity, RNA polymerase III transcription factor binding",NA,1
"16","GO:0001070",1,1,NA,NA,NA,NA,NA,NA,NA,NA,NA,NA,NA,NA,NA,NA,NA,NA,NA,"GO:0001071",NA,NA,NA,NA,NA,"RNA binding transcription factor activity",1,1
"17","GO:0001071",1,1,NA,NA,NA,NA,NA,NA,NA,NA,NA,NA,NA,NA,NA,NA,NA,NA,"GO:0003674",NA,NA,NA,NA,NA,NA,"nucleic acid binding transcription factor activity",3,1643
"18","GO:0001076",1,1,NA,NA,NA,NA,NA,NA,NA,NA,NA,NA,NA,NA,NA,NA,NA,NA,NA,"GO:0000988","GO:0000989",NA,NA,NA,NA,"transcription factor activity, RNA polymerase II transcription factor binding",13,142
"19","GO:0001082",1,1,NA,NA,NA,NA,NA,NA,NA,NA,NA,NA,NA,NA,NA,NA,NA,NA,NA,"GO:0000988","GO:0000989",NA,NA,NA,NA,"transcription factor activity, RNA polymerase I transcription factor binding",NA,1
"20","GO:0001167",1,1,NA,NA,NA,NA,NA,NA,NA,NA,NA,NA,NA,NA,NA,NA,NA,NA,NA,"GO:0001071","GO:0003700",NA,NA,NA,NA,"RNA polymerase I transcription factor activity, sequence-specific DNA binding",NA,1
"21","GO:0001501",NA,1,1,NA,NA,"GO:0032502",NA,NA,"GO:0048731",NA,NA,NA,NA,NA,NA,NA,NA,NA,NA,NA,NA,NA,NA,NA,NA,"skeletal system development",137,566
"22","GO:0001525",NA,1,1,NA,NA,"GO:0032502",NA,"GO:0048731",NA,NA,NA,NA,NA,NA,NA,NA,NA,NA,NA,NA,NA,NA,NA,NA,NA,"angiogenesis",220,518
"23","GO:0001678",NA,1,1,NA,NA,"GO:0065007",NA,"GO:0042592",NA,NA,NA,NA,NA,NA,NA,NA,NA,NA,NA,NA,NA,NA,NA,NA,NA,"cellular glucose homeostasis",13,129
"24","GO:0001816",NA,1,1,NA,NA,"GO:0032501","GO:0044707",NA,NA,NA,NA,NA,NA,NA,NA,NA,NA,NA,NA,NA,NA,NA,NA,NA,NA,"cytokine production",22,821
"25","GO:0001906",NA,1,1,NA,"GO:0008150",NA,NA,NA,NA,NA,NA,NA,NA,NA,NA,NA,NA,NA,NA,NA,NA,NA,NA,NA,NA,"cell killing",NA,116
"26","GO:0002376",NA,1,1,NA,"GO:0008150",NA,NA,NA,NA,NA,NA,NA,NA,NA,NA,NA,NA,NA,NA,NA,NA,NA,NA,NA,NA,"immune system process",27,3722
"27","GO:0002446",NA,1,1,NA,NA,"GO:0002376",NA,NA,NA,NA,NA,NA,NA,NA,NA,NA,NA,NA,NA,NA,NA,NA,NA,NA,NA,"neutrophil mediated immunity",9,26
"28","GO:0002447",NA,1,1,NA,NA,"GO:0002376",NA,NA,NA,NA,NA,NA,NA,NA,NA,NA,NA,NA,NA,NA,NA,NA,NA,NA,NA,"eosinophil mediated immunity",NA,7
"29","GO:0002504",NA,1,1,NA,NA,"GO:0002376","GO:0019882",NA,NA,NA,NA,NA,NA,NA,NA,NA,NA,NA,NA,NA,NA,NA,NA,NA,NA,"antigen processing and presentation of peptide or polysaccharide antigen via MHC class II",1,106
"30","GO:0002560",NA,1,1,NA,NA,"GO:0002376",NA,NA,NA,NA,NA,NA,NA,NA,NA,NA,NA,NA,NA,NA,NA,NA,NA,NA,NA,"basophil mediated immunity",NA,1
"31","GO:0003008",NA,1,1,NA,NA,"GO:0032501",NA,NA,NA,NA,NA,NA,NA,NA,NA,NA,NA,NA,NA,NA,NA,NA,NA,NA,NA,"system process",NA,2667
"32","GO:0003674",1,1,NA,NA,NA,NA,NA,NA,NA,NA,NA,NA,NA,NA,NA,NA,NA,NA,NA,NA,NA,NA,NA,NA,NA,"molecular_function",735,37267
"33","GO:0003676",1,1,NA,NA,NA,NA,NA,NA,NA,NA,NA,NA,NA,NA,NA,NA,NA,NA,NA,"GO:0005488",NA,NA,NA,NA,NA,"nucleic acid binding",165,5145
"34","GO:0003677",1,1,NA,NA,NA,NA,NA,NA,NA,NA,NA,NA,NA,NA,NA,NA,NA,NA,NA,"GO:0005488",NA,"GO:0003676",NA,NA,NA,"DNA binding",1461,3062
"35","GO:0003678",1,1,NA,NA,NA,NA,NA,NA,NA,NA,NA,NA,NA,NA,NA,NA,NA,NA,NA,"GO:0003824",NA,NA,NA,NA,NA,"DNA helicase activity",20,70
"36","GO:0003682",1,1,NA,NA,NA,NA,NA,NA,NA,NA,NA,NA,NA,NA,NA,NA,NA,NA,NA,"GO:0005488",NA,NA,NA,NA,NA,"chromatin binding",365,492
"37","GO:0003684",1,1,NA,NA,NA,NA,NA,NA,NA,NA,NA,NA,NA,NA,NA,NA,NA,NA,NA,"GO:0005488",NA,"GO:0003676","GO:0003677",NA,NA,"damaged DNA binding",60,62
"38","GO:0003688",1,1,NA,NA,NA,NA,NA,NA,NA,NA,NA,NA,NA,NA,NA,NA,NA,NA,NA,"GO:0005488",NA,"GO:0003676","GO:0003677",NA,NA,"DNA replication origin binding",10,10
"39","GO:0003690",1,1,NA,NA,NA,NA,NA,NA,NA,NA,NA,NA,NA,NA,NA,NA,NA,NA,NA,"GO:0005488",NA,"GO:0003676","GO:0003677",NA,NA,"double-stranded DNA binding",74,882
"40","GO:0003697",1,1,NA,NA,NA,NA,NA,NA,NA,NA,NA,NA,NA,NA,NA,NA,NA,NA,NA,"GO:0005488",NA,"GO:0003676","GO:0003677",NA,NA,"single-stranded DNA binding",89,102
"41","GO:0003700",1,1,NA,NA,NA,NA,NA,NA,NA,NA,NA,NA,NA,NA,NA,NA,NA,NA,NA,"GO:0001071",NA,NA,NA,NA,NA,"transcription factor activity, sequence-specific DNA binding",902,1640
"42","GO:0003712",1,1,NA,NA,NA,NA,NA,NA,NA,NA,NA,NA,NA,NA,NA,NA,NA,NA,NA,"GO:0000988","GO:0000989",NA,NA,NA,NA,"transcription cofactor activity",65,630
"43","GO:0003723",1,1,NA,NA,NA,NA,NA,NA,NA,NA,NA,NA,NA,NA,NA,NA,NA,NA,NA,"GO:0005488",NA,"GO:0003676",NA,NA,NA,"RNA binding",446,2029
"44","GO:0003724",1,1,NA,NA,NA,NA,NA,NA,NA,NA,NA,NA,NA,NA,NA,NA,NA,NA,NA,"GO:0003824",NA,NA,NA,NA,NA,"RNA helicase activity",12,80
"45","GO:0003729",1,1,NA,NA,NA,NA,NA,NA,NA,NA,NA,NA,NA,NA,NA,NA,NA,NA,NA,"GO:0005488",NA,"GO:0003676","GO:0003723",NA,NA,"mRNA binding",112,180
"46","GO:0003735",1,1,NA,NA,NA,NA,NA,NA,NA,NA,NA,NA,NA,NA,NA,NA,NA,NA,NA,"GO:0005198",NA,NA,NA,NA,NA,"structural constituent of ribosome",251,251
"47","GO:0003743",1,1,NA,NA,NA,NA,NA,NA,NA,NA,NA,NA,NA,NA,NA,NA,NA,NA,NA,"GO:0005488",NA,"GO:0003676","GO:0003723","GO:0008135",NA,"translation initiation factor activity",67,67
"48","GO:0003746",1,1,NA,NA,NA,NA,NA,NA,NA,NA,NA,NA,NA,NA,NA,NA,NA,NA,NA,"GO:0005488",NA,"GO:0003676","GO:0003723","GO:0008135",NA,"translation elongation factor activity",19,19
"49","GO:0003747",1,1,NA,NA,NA,NA,NA,NA,NA,NA,NA,NA,NA,NA,NA,NA,NA,NA,NA,"GO:0005488",NA,"GO:0003676","GO:0003723","GO:0008135",NA,"translation release factor activity",4,9
"50","GO:0003756",1,1,NA,NA,NA,NA,NA,NA,NA,NA,NA,NA,NA,NA,NA,NA,NA,NA,NA,"GO:0003824","GO:0016853",NA,NA,NA,NA,"protein disulfide isomerase activity",23,23
"51","GO:0003774",1,1,NA,NA,NA,NA,NA,NA,NA,NA,NA,NA,NA,NA,NA,NA,NA,NA,NA,"GO:0003824","GO:0016787",NA,NA,"GO:0016462",NA,"motor activity",47,162
"52","GO:0003777",1,1,NA,NA,NA,NA,NA,NA,NA,NA,NA,NA,NA,NA,NA,NA,NA,NA,NA,"GO:0003824",NA,NA,NA,NA,NA,"microtubule motor activity",72,89
"53","GO:0003779",1,1,NA,NA,NA,NA,NA,NA,NA,NA,NA,NA,NA,NA,NA,NA,NA,NA,NA,"GO:0005488","GO:0005515","GO:0008092",NA,NA,NA,"actin binding",288,433
"54","GO:0003823",1,1,NA,NA,NA,NA,NA,NA,NA,NA,NA,NA,NA,NA,NA,NA,NA,NA,NA,"GO:0005488",NA,NA,NA,NA,NA,"antigen binding",72,125
"55","GO:0003824",1,1,NA,NA,NA,NA,NA,NA,NA,NA,NA,NA,NA,NA,NA,NA,NA,NA,"GO:0003674",NA,NA,NA,NA,NA,NA,"catalytic activity",53,9632
"56","GO:0003887",1,1,NA,NA,NA,NA,NA,NA,NA,NA,NA,NA,NA,NA,NA,NA,NA,NA,NA,"GO:0003824","GO:0016740",NA,"GO:0016779",NA,NA,"DNA-directed DNA polymerase activity",35,35
"57","GO:0003896",1,1,NA,NA,NA,NA,NA,NA,NA,NA,NA,NA,NA,NA,NA,NA,NA,NA,NA,"GO:0003824","GO:0016740",NA,"GO:0016779",NA,"GO:0003899","DNA primase activity",4,4
"58","GO:0003899",1,1,NA,NA,NA,NA,NA,NA,NA,NA,NA,NA,NA,NA,NA,NA,NA,NA,NA,"GO:0003824","GO:0016740",NA,"GO:0016779",NA,NA,"DNA-directed RNA polymerase activity",23,55
"59","GO:0003909",1,1,NA,NA,NA,NA,NA,NA,NA,NA,NA,NA,NA,NA,NA,NA,NA,NA,NA,"GO:0003824","GO:0016874",NA,NA,NA,NA,"DNA ligase activity",8,13
"60","GO:0003916",1,1,NA,NA,NA,NA,NA,NA,NA,NA,NA,NA,NA,NA,NA,NA,NA,NA,NA,"GO:0003824","GO:0016853",NA,NA,NA,NA,"DNA topoisomerase activity",2,10
"61","GO:0003924",1,1,NA,NA,NA,NA,NA,NA,NA,NA,NA,NA,NA,NA,NA,NA,NA,NA,NA,"GO:0003824","GO:0016787",NA,NA,"GO:0016462",NA,"GTPase activity",251,251
"62","GO:0003964",1,1,NA,NA,NA,NA,NA,NA,NA,NA,NA,NA,NA,NA,NA,NA,NA,NA,NA,"GO:0003824","GO:0016740",NA,"GO:0016779",NA,NA,"RNA-directed DNA polymerase activity",8,16
"63","GO:0004016",1,1,NA,NA,NA,NA,NA,NA,NA,NA,NA,NA,NA,NA,NA,NA,NA,NA,NA,"GO:0003824","GO:0016829",NA,NA,NA,NA,"adenylate cyclase activity",17,19
"64","GO:0004190",1,1,NA,NA,NA,NA,NA,NA,NA,NA,NA,NA,NA,NA,NA,NA,NA,NA,NA,"GO:0003824","GO:0016787","GO:0008233",NA,NA,NA,"aspartic-type endopeptidase activity",22,30
"65","GO:0004383",1,1,NA,NA,NA,NA,NA,NA,NA,NA,NA,NA,NA,NA,NA,NA,NA,NA,NA,"GO:0003824","GO:0016829",NA,NA,NA,NA,"guanylate cyclase activity",9,9
"66","GO:0004386",1,1,NA,NA,NA,NA,NA,NA,NA,NA,NA,NA,NA,NA,NA,NA,NA,NA,NA,"GO:0003824","GO:0016787",NA,NA,"GO:0016462",NA,"helicase activity",49,195
"67","GO:0004518",1,1,NA,NA,NA,NA,NA,NA,NA,NA,NA,NA,NA,NA,NA,NA,NA,NA,NA,"GO:0003824","GO:0016787","GO:0016788",NA,NA,NA,"nuclease activity",13,279
"68","GO:0004520",1,1,NA,NA,NA,NA,NA,NA,NA,NA,NA,NA,NA,NA,NA,NA,NA,NA,NA,"GO:0003824","GO:0016787","GO:0016788","GO:0004518",NA,NA,"endodeoxyribonuclease activity",24,68
"69","GO:0004521",1,1,NA,NA,NA,NA,NA,NA,NA,NA,NA,NA,NA,NA,NA,NA,NA,NA,NA,"GO:0003824","GO:0016787","GO:0016788","GO:0004518",NA,NA,"endoribonuclease activity",25,68
"70","GO:0004529",1,1,NA,NA,NA,NA,NA,NA,NA,NA,NA,NA,NA,NA,NA,NA,NA,NA,NA,"GO:0003824","GO:0016787","GO:0016788","GO:0004518",NA,NA,"exodeoxyribonuclease activity",NA,22
"71","GO:0004532",1,1,NA,NA,NA,NA,NA,NA,NA,NA,NA,NA,NA,NA,NA,NA,NA,NA,NA,"GO:0003824","GO:0016787","GO:0016788","GO:0004518",NA,NA,"exoribonuclease activity",5,38
"72","GO:0004553",1,1,NA,NA,NA,NA,NA,NA,NA,NA,NA,NA,NA,NA,NA,NA,NA,NA,NA,"GO:0003824","GO:0016787",NA,NA,NA,NA,"hydrolase activity, hydrolyzing O-glycosyl compounds",6,148
"73","GO:0004601",1,1,NA,NA,NA,NA,NA,NA,NA,NA,NA,NA,NA,NA,NA,NA,NA,NA,NA,"GO:0003824","GO:0016491",NA,NA,NA,NA,"peroxidase activity",22,59
"74","GO:0004620",1,1,NA,NA,NA,NA,NA,NA,NA,NA,NA,NA,NA,NA,NA,NA,NA,NA,NA,"GO:0003824","GO:0016787","GO:0016788","GO:0016298",NA,NA,"phospholipase activity",13,136
"75","GO:0004645",1,1,NA,NA,NA,NA,NA,NA,NA,NA,NA,NA,NA,NA,NA,NA,NA,NA,NA,"GO:0003824","GO:0016740","GO:0016757",NA,NA,NA,"phosphorylase activity",2,9
"76","GO:0004672",1,1,NA,NA,NA,NA,NA,NA,NA,NA,NA,NA,NA,NA,NA,NA,NA,NA,NA,"GO:0003824","GO:0016740",NA,NA,NA,NA,"protein kinase activity",205,1172
"77","GO:0004675",1,1,NA,NA,NA,NA,NA,NA,NA,NA,NA,NA,NA,NA,NA,NA,NA,NA,NA,"GO:0003824","GO:0004872",NA,NA,"GO:0019199","GO:0019199","transmembrane receptor protein serine/threonine kinase activity",8,34
"78","GO:0004714",1,1,NA,NA,NA,NA,NA,NA,NA,NA,NA,NA,NA,NA,NA,NA,NA,NA,NA,"GO:0003824","GO:0004872",NA,NA,"GO:0019199","GO:0019199","transmembrane receptor protein tyrosine kinase activity",32,87
"79","GO:0004715",1,1,NA,NA,NA,NA,NA,NA,NA,NA,NA,NA,NA,NA,NA,NA,NA,NA,NA,"GO:0003824","GO:0016740",NA,NA,"GO:0004672",NA,"non-membrane spanning protein tyrosine kinase activity",52,52
"80","GO:0004721",1,1,NA,NA,NA,NA,NA,NA,NA,NA,NA,NA,NA,NA,NA,NA,NA,NA,NA,"GO:0003824","GO:0016787","GO:0016788",NA,"GO:0016791",NA,"phosphoprotein phosphatase activity",39,261
"81","GO:0004801",1,1,NA,NA,NA,NA,NA,NA,NA,NA,NA,NA,NA,NA,NA,NA,NA,NA,NA,"GO:0003824","GO:0016740",NA,NA,NA,NA,"sedoheptulose-7-phosphate:D-glyceraldehyde-3-phosphate glyceronetransferase activity",1,1
"82","GO:0004802",1,1,NA,NA,NA,NA,NA,NA,NA,NA,NA,NA,NA,NA,NA,NA,NA,NA,NA,"GO:0003824","GO:0016740",NA,NA,NA,NA,"transketolase activity",4,4
"83","GO:0004812",1,1,NA,NA,NA,NA,NA,NA,NA,NA,NA,NA,NA,NA,NA,NA,NA,NA,NA,"GO:0003824","GO:0016874",NA,NA,NA,NA,"aminoacyl-tRNA ligase activity",NA,68
"84","GO:0004842",1,1,NA,NA,NA,NA,NA,NA,NA,NA,NA,NA,NA,NA,NA,NA,NA,NA,NA,"GO:0003824","GO:0016740",NA,NA,NA,NA,"ubiquitin-protein transferase activity",442,639
"85","GO:0004857",1,1,NA,NA,NA,NA,NA,NA,NA,NA,NA,NA,NA,NA,NA,NA,NA,NA,NA,NA,"GO:0030234",NA,NA,NA,NA,"enzyme inhibitor activity",27,442
"86","GO:0004867",1,1,NA,NA,NA,NA,NA,NA,NA,NA,NA,NA,NA,NA,NA,NA,NA,NA,NA,NA,"GO:0030234",NA,NA,NA,NA,"serine-type endopeptidase inhibitor activity",105,105
"87","GO:0004869",1,1,NA,NA,NA,NA,NA,NA,NA,NA,NA,NA,NA,NA,NA,NA,NA,NA,NA,NA,"GO:0030234",NA,NA,NA,NA,"cysteine-type endopeptidase inhibitor activity",35,58
"88","GO:0004871",1,1,NA,NA,NA,NA,NA,NA,NA,NA,NA,NA,NA,NA,NA,NA,NA,NA,"GO:0003674",NA,NA,NA,NA,NA,NA,"signal transducer activity",195,2628
"89","GO:0004872",1,1,NA,NA,NA,NA,NA,NA,NA,NA,NA,NA,NA,NA,NA,NA,NA,NA,NA,NA,NA,NA,NA,NA,NA,"receptor activity",199,2670
"90","GO:0004879",1,1,NA,NA,NA,NA,NA,NA,NA,NA,NA,NA,NA,NA,NA,NA,NA,NA,NA,"GO:0001071","GO:0003700",NA,NA,NA,NA,"RNA polymerase II transcription factor activity, ligand-activated sequence-specific DNA binding",35,58
"91","GO:0004896",1,1,NA,NA,NA,NA,NA,NA,NA,NA,NA,NA,NA,NA,NA,NA,NA,NA,NA,"GO:0004871","GO:0004872",NA,NA,NA,NA,"cytokine receptor activity",22,116
"92","GO:0004904",1,1,NA,NA,NA,NA,NA,NA,NA,NA,NA,NA,NA,NA,NA,NA,NA,NA,NA,"GO:0004871","GO:0004872",NA,NA,"GO:0004896",NA,"interferon receptor activity",1,5
"93","GO:0004930",1,1,NA,NA,NA,NA,NA,NA,NA,NA,NA,NA,NA,NA,NA,NA,NA,NA,NA,"GO:0004871","GO:0004872",NA,NA,NA,NA,"G-protein coupled receptor activity",659,1027
"94","GO:0005024",1,1,NA,NA,NA,NA,NA,NA,NA,NA,NA,NA,NA,NA,NA,NA,NA,NA,NA,"GO:0003824","GO:0004872",NA,NA,"GO:0019199","GO:0004675","transforming growth factor beta-activated receptor activity",10,14
"95","GO:0005031",1,1,NA,NA,NA,NA,NA,NA,NA,NA,NA,NA,NA,NA,NA,NA,NA,NA,NA,"GO:0004871","GO:0004872",NA,NA,NA,NA,"tumor necrosis factor-activated receptor activity",25,25
"96","GO:0005085",1,1,NA,NA,NA,NA,NA,NA,NA,NA,NA,NA,NA,NA,NA,NA,NA,NA,NA,NA,NA,NA,NA,NA,NA,"guanyl-nucleotide exchange factor activity",134,370
"97","GO:0005102",1,1,NA,NA,NA,NA,NA,NA,NA,NA,NA,NA,NA,NA,NA,NA,NA,NA,NA,"GO:0005488","GO:0005515",NA,NA,NA,NA,"receptor binding",341,1989
"98","GO:0005125",1,1,NA,NA,NA,NA,NA,NA,NA,NA,NA,NA,NA,NA,NA,NA,NA,NA,NA,"GO:0005488","GO:0005515","GO:0005102",NA,NA,NA,"cytokine activity",184,238
"99","GO:0005126",1,1,NA,NA,NA,NA,NA,NA,NA,NA,NA,NA,NA,NA,NA,NA,NA,NA,NA,"GO:0005488","GO:0005515","GO:0005102",NA,NA,NA,"cytokine receptor binding",13,363
"100","GO:0005132",1,1,NA,NA,NA,NA,NA,NA,NA,NA,NA,NA,NA,NA,NA,NA,NA,NA,NA,"GO:0005488",NA,NA,"GO:0005126",NA,NA,"type I interferon receptor binding",18,18
"101","GO:0005133",1,1,NA,NA,NA,NA,NA,NA,NA,NA,NA,NA,NA,NA,NA,NA,NA,NA,NA,"GO:0005488","GO:0005515","GO:0005102","GO:0005126",NA,NA,"interferon-gamma receptor binding",1,1
"102","GO:0005134",1,1,NA,NA,NA,NA,NA,NA,NA,NA,NA,NA,NA,NA,NA,NA,NA,NA,NA,"GO:0005488","GO:0005515","GO:0005102",NA,NA,NA,"interleukin-2 receptor binding",6,6
"103","GO:0005135",1,1,NA,NA,NA,NA,NA,NA,NA,NA,NA,NA,NA,NA,NA,NA,NA,NA,NA,"GO:0005488","GO:0005515","GO:0005102",NA,NA,NA,"interleukin-3 receptor binding",2,2
"104","GO:0005136",1,1,NA,NA,NA,NA,NA,NA,NA,NA,NA,NA,NA,NA,NA,NA,NA,NA,NA,"GO:0005488","GO:0005515","GO:0005102",NA,NA,NA,"interleukin-4 receptor binding",2,2
"105","GO:0005137",1,1,NA,NA,NA,NA,NA,NA,NA,NA,NA,NA,NA,NA,NA,NA,NA,NA,NA,"GO:0005488","GO:0005515","GO:0005102",NA,NA,NA,"interleukin-5 receptor binding",2,2
"106","GO:0005138",1,1,NA,NA,NA,NA,NA,NA,NA,NA,NA,NA,NA,NA,NA,NA,NA,NA,NA,"GO:0005488","GO:0005515","GO:0005102",NA,NA,NA,"interleukin-6 receptor binding",8,8
"107","GO:0005139",1,1,NA,NA,NA,NA,NA,NA,NA,NA,NA,NA,NA,NA,NA,NA,NA,NA,NA,"GO:0005488","GO:0005515","GO:0005102",NA,NA,NA,"interleukin-7 receptor binding",1,1
"108","GO:0005140",1,1,NA,NA,NA,NA,NA,NA,NA,NA,NA,NA,NA,NA,NA,NA,NA,NA,NA,"GO:0005488","GO:0005515","GO:0005102",NA,NA,NA,"interleukin-9 receptor binding",1,1
"109","GO:0005141",1,1,NA,NA,NA,NA,NA,NA,NA,NA,NA,NA,NA,NA,NA,NA,NA,NA,NA,"GO:0005488","GO:0005515","GO:0005102",NA,NA,NA,"interleukin-10 receptor binding",2,2
"110","GO:0005142",1,1,NA,NA,NA,NA,NA,NA,NA,NA,NA,NA,NA,NA,NA,NA,NA,NA,NA,"GO:0005488","GO:0005515","GO:0005102",NA,NA,NA,"interleukin-11 receptor binding",1,1
"111","GO:0005143",1,1,NA,NA,NA,NA,NA,NA,NA,NA,NA,NA,NA,NA,NA,NA,NA,NA,NA,"GO:0005488","GO:0005515","GO:0005102",NA,NA,NA,"interleukin-12 receptor binding",6,6
"112","GO:0005144",1,1,NA,NA,NA,NA,NA,NA,NA,NA,NA,NA,NA,NA,NA,NA,NA,NA,NA,"GO:0005488","GO:0005515","GO:0005102","GO:0005126",NA,NA,"interleukin-13 receptor binding",1,1
"113","GO:0005160",1,1,NA,NA,NA,NA,NA,NA,NA,NA,NA,NA,NA,NA,NA,NA,NA,NA,NA,"GO:0005488","GO:0005515","GO:0005102","GO:0005126",NA,NA,"transforming growth factor beta receptor binding",44,62
"114","GO:0005164",1,1,NA,NA,NA,NA,NA,NA,NA,NA,NA,NA,NA,NA,NA,NA,NA,NA,NA,"GO:0005488","GO:0005515","GO:0005102","GO:0005126",NA,NA,"tumor necrosis factor receptor binding",29,29
"115","GO:0005165",1,1,NA,NA,NA,NA,NA,NA,NA,NA,NA,NA,NA,NA,NA,NA,NA,NA,NA,"GO:0005488","GO:0005515","GO:0005102","GO:0005126",NA,NA,"neurotrophin receptor binding",NA,13
"116","GO:0005179",1,1,NA,NA,NA,NA,NA,NA,NA,NA,NA,NA,NA,NA,NA,NA,NA,NA,NA,"GO:0005488","GO:0005515","GO:0005102",NA,NA,NA,"hormone activity",97,139
"117","GO:0005184",1,1,NA,NA,NA,NA,NA,NA,NA,NA,NA,NA,NA,NA,NA,NA,NA,NA,NA,"GO:0005488","GO:0005515","GO:0005102","GO:0005179",NA,NA,"neuropeptide hormone activity",31,33
"118","GO:0005198",1,1,NA,NA,NA,NA,NA,NA,NA,NA,NA,NA,NA,NA,NA,NA,NA,NA,"GO:0003674",NA,NA,NA,NA,NA,NA,"structural molecule activity",217,824
"119","GO:0005200",1,1,NA,NA,NA,NA,NA,NA,NA,NA,NA,NA,NA,NA,NA,NA,NA,NA,NA,"GO:0005198",NA,NA,NA,NA,NA,"structural constituent of cytoskeleton",109,109
"120","GO:0005201",1,1,NA,NA,NA,NA,NA,NA,NA,NA,NA,NA,NA,NA,NA,NA,NA,NA,NA,"GO:0005198",NA,NA,NA,NA,NA,"extracellular matrix structural constituent",62,81
"121","GO:0005215",1,1,NA,NA,NA,NA,NA,NA,NA,NA,NA,NA,NA,NA,NA,NA,NA,NA,"GO:0003674",NA,NA,NA,NA,NA,NA,"transporter activity",135,2199
"122","GO:0005216",1,1,NA,NA,NA,NA,NA,NA,NA,NA,NA,NA,NA,NA,NA,NA,NA,NA,NA,"GO:0005215",NA,NA,NA,NA,NA,"ion channel activity",15,725
"123","GO:0005243",1,1,NA,NA,NA,NA,NA,NA,NA,NA,NA,NA,NA,NA,NA,NA,NA,NA,NA,"GO:0005215","GO:0022857",NA,NA,NA,NA,"gap junction channel activity",12,18
"124","GO:0005244",1,1,NA,NA,NA,NA,NA,NA,NA,NA,NA,NA,NA,NA,NA,NA,NA,NA,NA,"GO:0005215","GO:0022857",NA,NA,NA,NA,"voltage-gated ion channel activity",28,275
"125","GO:0005245",1,1,NA,NA,NA,NA,NA,NA,NA,NA,NA,NA,NA,NA,NA,NA,NA,NA,NA,"GO:0005215",NA,NA,NA,NA,NA,"voltage-gated calcium channel activity",50,65
"126","GO:0005246",1,1,NA,NA,NA,NA,NA,NA,NA,NA,NA,NA,NA,NA,NA,NA,NA,NA,NA,NA,"GO:0016247",NA,NA,NA,NA,"calcium channel regulator activity",27,38
"127","GO:0005248",1,1,NA,NA,NA,NA,NA,NA,NA,NA,NA,NA,NA,NA,NA,NA,NA,NA,NA,"GO:0005215",NA,NA,NA,NA,NA,"voltage-gated sodium channel activity",25,30
"128","GO:0005249",1,1,NA,NA,NA,NA,NA,NA,NA,NA,NA,NA,NA,NA,NA,NA,NA,NA,NA,"GO:0005215",NA,NA,NA,NA,NA,"voltage-gated potassium channel activity",52,134
"129","GO:0005253",1,1,NA,NA,NA,NA,NA,NA,NA,NA,NA,NA,NA,NA,NA,NA,NA,NA,NA,"GO:0005215",NA,NA,NA,NA,"GO:0005216","anion channel activity",3,130
"130","GO:0005261",1,1,NA,NA,NA,NA,NA,NA,NA,NA,NA,NA,NA,NA,NA,NA,NA,NA,NA,"GO:0005215",NA,NA,NA,"GO:0008324","GO:0005216","cation channel activity",21,498
"131","GO:0005319",1,1,NA,NA,NA,NA,NA,NA,NA,NA,NA,NA,NA,NA,NA,NA,NA,NA,NA,"GO:0005215",NA,NA,NA,NA,NA,"lipid transporter activity",19,143
"132","GO:0005326",1,1,NA,NA,NA,NA,NA,NA,NA,NA,NA,NA,NA,NA,NA,NA,NA,NA,NA,"GO:0005215",NA,NA,NA,NA,NA,"neurotransmitter transporter activity",6,28
"133","GO:0005484",1,1,NA,NA,NA,NA,NA,NA,NA,NA,NA,NA,NA,NA,NA,NA,NA,NA,NA,"GO:0005488","GO:0005515",NA,NA,NA,NA,"SNAP receptor activity",38,38
"134","GO:0005488",1,1,NA,NA,NA,NA,NA,NA,NA,NA,NA,NA,NA,NA,NA,NA,NA,NA,"GO:0003674",NA,NA,NA,NA,NA,NA,"binding",NA,23712
"135","GO:0005509",1,1,NA,NA,NA,NA,NA,NA,NA,NA,NA,NA,NA,NA,NA,NA,NA,NA,NA,"GO:0005488",NA,NA,NA,NA,NA,"calcium ion binding",708,708
"136","GO:0005515",1,1,NA,NA,NA,NA,NA,NA,NA,NA,NA,NA,NA,NA,NA,NA,NA,NA,NA,"GO:0005488",NA,NA,NA,NA,NA,"protein binding",6144,13368
"137","GO:0005516",1,1,NA,NA,NA,NA,NA,NA,NA,NA,NA,NA,NA,NA,NA,NA,NA,NA,NA,"GO:0005488","GO:0005515",NA,NA,NA,NA,"calmodulin binding",197,197
"138","GO:0005544",1,1,NA,NA,NA,NA,NA,NA,NA,NA,NA,NA,NA,NA,NA,NA,NA,NA,NA,"GO:0005488","GO:0008289",NA,NA,NA,NA,"calcium-dependent phospholipid binding",54,54
"139","GO:0005575",1,NA,1,NA,NA,NA,NA,NA,NA,NA,NA,NA,NA,NA,NA,NA,NA,NA,NA,NA,NA,NA,NA,NA,NA,"cellular_component",482,38191
"140","GO:0005576",1,NA,1,NA,NA,NA,NA,NA,NA,NA,NA,"GO:0005575",NA,NA,NA,NA,NA,NA,NA,NA,NA,NA,NA,NA,NA,"extracellular region",1650,5887
"141","GO:0005578",1,NA,1,NA,NA,NA,NA,NA,NA,NA,NA,NA,"GO:0005576","GO:0031012","GO:0031012",NA,NA,NA,NA,NA,NA,NA,NA,NA,NA,"proteinaceous extracellular matrix",247,397
"142","GO:0005615",1,NA,1,NA,NA,NA,NA,NA,NA,NA,NA,NA,"GO:0005576",NA,NA,NA,NA,NA,NA,NA,NA,NA,NA,NA,NA,"extracellular space",1349,1479
"143","GO:0005618",1,NA,1,NA,NA,NA,NA,NA,NA,NA,NA,NA,"GO:0044464","GO:0044464",NA,"GO:0030312",NA,NA,NA,NA,NA,NA,NA,NA,NA,"cell wall",2,2
"144","GO:0005622",1,NA,1,NA,NA,NA,NA,NA,NA,NA,NA,NA,"GO:0044464","GO:0044464",NA,NA,NA,NA,NA,NA,NA,NA,NA,NA,NA,"intracellular",536,25629
"145","GO:0005634",1,NA,1,NA,NA,NA,NA,NA,NA,NA,NA,NA,"GO:0043226","GO:0044464","GO:0005622",NA,NA,NA,NA,NA,NA,NA,NA,NA,NA,"nucleus",5483,9881
"146","GO:0005635",1,NA,1,NA,NA,NA,NA,NA,NA,NA,NA,NA,"GO:0043226","GO:0044464",NA,NA,"GO:0005634",NA,NA,NA,NA,NA,NA,NA,NA,"nuclear envelope",171,531
"147","GO:0005654",1,NA,1,NA,NA,NA,NA,NA,NA,NA,NA,NA,"GO:0044464","GO:0005622",NA,NA,NA,NA,NA,NA,NA,NA,NA,NA,NA,"nucleoplasm",3338,3932
"148","GO:0005694",1,NA,1,NA,NA,NA,NA,NA,NA,NA,NA,NA,"GO:0043226","GO:0044464","GO:0005622",NA,NA,NA,NA,NA,NA,NA,NA,NA,NA,"chromosome",95,1210
"149","GO:0005730",1,NA,1,NA,NA,NA,NA,NA,NA,NA,NA,NA,"GO:0044464","GO:0005622",NA,NA,NA,NA,NA,NA,NA,NA,NA,NA,NA,"nucleolus",848,907
"150","GO:0005737",1,NA,1,NA,NA,NA,NA,NA,NA,NA,NA,NA,"GO:0044464","GO:0044464","GO:0005622",NA,NA,NA,NA,NA,NA,NA,NA,NA,NA,"cytoplasm",5218,17024
"151","GO:0005739",1,NA,1,NA,NA,NA,NA,NA,NA,NA,NA,NA,"GO:0043226","GO:0044464","GO:0005622",NA,"GO:0005737",NA,NA,NA,NA,NA,NA,NA,NA,"mitochondrion",1319,2510
"152","GO:0005743",1,NA,1,NA,NA,NA,NA,NA,NA,NA,NA,NA,"GO:0043226",NA,NA,NA,NA,NA,NA,NA,NA,NA,NA,NA,NA,"mitochondrial inner membrane",441,629
"153","GO:0005764",1,NA,1,NA,NA,NA,NA,NA,NA,NA,NA,NA,"GO:0044464",NA,"GO:0005737",NA,"GO:0005773",NA,NA,NA,NA,NA,NA,NA,NA,"lysosome",219,631
"154","GO:0005768",1,NA,1,NA,NA,NA,NA,NA,NA,NA,NA,NA,"GO:0043226","GO:0044464",NA,"GO:0005737",NA,"GO:0005773",NA,NA,NA,NA,NA,NA,NA,"endosome",216,1032
"155","GO:0005773",1,NA,1,NA,NA,NA,NA,NA,NA,NA,NA,NA,"GO:0043226","GO:0044464","GO:0005622",NA,"GO:0005737",NA,NA,NA,NA,NA,NA,NA,NA,"vacuole",15,1610
"156","GO:0005777",1,NA,1,NA,NA,NA,NA,NA,NA,NA,NA,NA,"GO:0044464","GO:0005622",NA,"GO:0005737",NA,NA,NA,NA,NA,NA,NA,NA,NA,"peroxisome",110,202
"157","GO:0005783",1,NA,1,NA,NA,NA,NA,NA,NA,NA,NA,NA,"GO:0043226","GO:0044464",NA,NA,"GO:0005737",NA,NA,NA,NA,NA,NA,NA,NA,"endoplasmic reticulum",816,2207
"158","GO:0005794",1,NA,1,NA,NA,NA,NA,NA,NA,NA,NA,NA,"GO:0043226","GO:0044464",NA,NA,"GO:0005737",NA,NA,NA,NA,NA,NA,NA,NA,"Golgi apparatus",811,1833
"159","GO:0005811",1,NA,1,NA,NA,NA,NA,NA,NA,NA,NA,NA,"GO:0043226","GO:0044464","GO:0005622",NA,NA,NA,NA,NA,NA,NA,NA,NA,NA,"lipid particle",68,68
"160","GO:0005815",1,NA,1,NA,NA,NA,NA,NA,NA,NA,NA,NA,"GO:0044464",NA,NA,NA,"GO:0005856",NA,NA,NA,NA,NA,NA,NA,NA,"microtubule organizing center",135,708
"161","GO:0005829",1,NA,1,NA,NA,NA,NA,NA,NA,NA,NA,NA,"GO:0044464","GO:0044464","GO:0005622",NA,"GO:0005737",NA,NA,NA,NA,NA,NA,NA,NA,"cytosol",3653,3872
"162","GO:0005834",1,NA,1,NA,NA,NA,NA,NA,NA,NA,NA,NA,"GO:0016020","GO:0044464",NA,"GO:0005886",NA,NA,NA,NA,NA,NA,NA,NA,NA,"heterotrimeric G-protein complex",33,33
"163","GO:0005840",1,NA,1,NA,NA,NA,NA,NA,NA,NA,NA,NA,"GO:0032991","GO:0044464","GO:0005622",NA,"GO:0005737",NA,NA,NA,NA,NA,NA,NA,NA,"ribosome",56,286
"164","GO:0005856",1,NA,1,NA,NA,NA,NA,NA,NA,NA,NA,NA,"GO:0043226","GO:0044464","GO:0005622",NA,NA,NA,NA,NA,NA,NA,NA,NA,NA,"cytoskeleton",336,2577
"165","GO:0005874",1,NA,1,NA,NA,NA,NA,NA,NA,NA,NA,NA,"GO:0044464",NA,NA,NA,"GO:0005856",NA,NA,NA,NA,NA,NA,NA,NA,"microtubule",291,411
"166","GO:0005886",1,NA,1,NA,NA,NA,NA,NA,NA,NA,NA,NA,"GO:0016020","GO:0044464",NA,NA,NA,NA,NA,NA,NA,NA,NA,NA,NA,"plasma membrane",4548,7297
"167","GO:0005902",1,NA,1,NA,NA,NA,NA,NA,NA,NA,NA,NA,"GO:0044464","GO:0044464","GO:0042995",NA,NA,NA,NA,NA,NA,NA,NA,NA,NA,"microvillus",57,77
"168","GO:0005905",1,NA,1,NA,NA,NA,NA,NA,NA,NA,NA,NA,"GO:0016020","GO:0044464",NA,NA,NA,NA,NA,NA,NA,NA,NA,NA,NA,"clathrin-coated pit",56,73
"169","GO:0005921",1,NA,1,NA,NA,NA,NA,NA,NA,NA,NA,NA,"GO:0030054",NA,NA,NA,NA,NA,NA,NA,NA,NA,NA,NA,NA,"gap junction",17,36
"170","GO:0005923",1,NA,1,NA,NA,NA,NA,NA,NA,NA,NA,NA,"GO:0030054",NA,NA,NA,NA,NA,NA,NA,NA,NA,NA,NA,NA,"bicellular tight junction",119,119
"171","GO:0005929",1,NA,1,NA,NA,NA,NA,NA,NA,NA,NA,NA,"GO:0043226","GO:0044464","GO:0042995",NA,NA,NA,NA,NA,NA,NA,NA,NA,NA,"cilium",120,680
"172","GO:0005975",NA,1,1,NA,NA,"GO:0008152",NA,NA,NA,NA,NA,NA,NA,NA,NA,NA,NA,NA,NA,NA,NA,NA,NA,NA,NA,"carbohydrate metabolic process",123,728
"173","GO:0005976",NA,1,1,NA,NA,"GO:0008152",NA,NA,NA,NA,NA,NA,NA,NA,NA,NA,NA,NA,NA,NA,NA,NA,NA,NA,NA,"polysaccharide metabolic process",2,146
"174","GO:0005977",NA,1,1,NA,NA,"GO:0008152",NA,NA,NA,NA,NA,NA,NA,NA,NA,NA,NA,NA,NA,NA,NA,NA,NA,NA,NA,"glycogen metabolic process",26,106
"175","GO:0005984",NA,1,1,NA,NA,"GO:0008152",NA,NA,NA,NA,NA,NA,NA,NA,NA,NA,NA,NA,NA,NA,NA,NA,NA,NA,NA,"disaccharide metabolic process",1,11
"176","GO:0005996",NA,1,1,NA,NA,"GO:0008152",NA,NA,NA,NA,NA,NA,NA,NA,NA,NA,NA,NA,NA,NA,NA,NA,NA,NA,NA,"monosaccharide metabolic process",1,310
"177","GO:0006091",NA,1,1,NA,NA,"GO:0009987",NA,NA,NA,NA,NA,NA,NA,NA,NA,NA,NA,NA,NA,NA,NA,NA,NA,NA,NA,"generation of precursor metabolites and energy",52,492
"178","GO:0006094",NA,1,1,NA,NA,"GO:0008152",NA,NA,NA,NA,NA,NA,NA,NA,NA,NA,NA,NA,NA,NA,NA,NA,NA,NA,NA,"gluconeogenesis",61,97
"179","GO:0006096",NA,1,1,NA,NA,"GO:0008152",NA,NA,NA,NA,NA,NA,NA,NA,NA,NA,NA,NA,NA,NA,NA,NA,NA,NA,NA,"glycolytic process",26,83
"180","GO:0006098",NA,1,1,NA,NA,"GO:0008152",NA,NA,NA,NA,NA,NA,NA,NA,NA,NA,NA,NA,NA,NA,NA,NA,NA,NA,NA,"pentose-phosphate shunt",16,29
"181","GO:0006099",NA,1,1,NA,NA,"GO:0008152",NA,NA,NA,NA,NA,NA,NA,NA,NA,NA,NA,NA,NA,NA,NA,NA,NA,NA,NA,"tricarboxylic acid cycle",43,43
"182","GO:0006109",NA,1,1,NA,NA,"GO:0008152",NA,"GO:0005975",NA,NA,NA,NA,NA,NA,NA,NA,NA,NA,NA,NA,NA,NA,NA,NA,NA,"regulation of carbohydrate metabolic process",NA,168
"183","GO:0006119",NA,1,1,NA,NA,"GO:0009987",NA,NA,"GO:0006796",NA,NA,NA,NA,NA,NA,NA,NA,NA,NA,NA,NA,NA,NA,NA,NA,"oxidative phosphorylation",12,147
"184","GO:0006139",NA,1,1,NA,NA,"GO:0008152",NA,NA,NA,NA,NA,NA,NA,NA,NA,NA,NA,NA,NA,NA,NA,NA,NA,NA,NA,"nucleobase-containing compound metabolic process",34,10348
"185","GO:0006144",NA,1,1,NA,NA,"GO:0008152",NA,NA,NA,NA,NA,NA,NA,NA,NA,NA,NA,NA,NA,NA,NA,NA,NA,NA,NA,"purine nucleobase metabolic process",5,24
"186","GO:0006206",NA,1,1,NA,NA,"GO:0008152",NA,NA,NA,NA,NA,NA,NA,NA,NA,NA,NA,NA,NA,NA,NA,NA,NA,NA,NA,"pyrimidine nucleobase metabolic process",6,25
"187","GO:0006259",NA,1,1,NA,NA,"GO:0008152",NA,NA,NA,NA,NA,NA,NA,NA,NA,NA,NA,NA,NA,NA,NA,NA,NA,NA,NA,"DNA metabolic process",22,1553
"188","GO:0006260",NA,1,1,NA,NA,"GO:0008152",NA,NA,NA,NA,"GO:0006259",NA,NA,NA,NA,NA,NA,NA,NA,NA,NA,NA,NA,NA,NA,"DNA replication",150,380
"189","GO:0006281",NA,1,1,NA,NA,"GO:0050896",NA,NA,NA,NA,"GO:0006259",NA,NA,NA,NA,NA,NA,NA,NA,NA,NA,NA,NA,NA,NA,"DNA repair",198,776
"190","GO:0006308",NA,1,1,NA,NA,"GO:0008152",NA,NA,NA,NA,"GO:0006259",NA,NA,NA,NA,NA,NA,NA,NA,NA,NA,NA,NA,NA,NA,"DNA catabolic process",6,38
"191","GO:0006310",NA,1,1,NA,NA,"GO:0008152",NA,NA,"GO:0006139",NA,"GO:0006259",NA,NA,NA,NA,NA,NA,NA,NA,NA,NA,NA,NA,NA,NA,"DNA recombination",69,341
"192","GO:0006325",NA,1,1,NA,NA,"GO:0071840","GO:0016043",NA,NA,NA,NA,NA,NA,NA,NA,NA,NA,NA,NA,NA,NA,NA,NA,NA,NA,"chromatin organization",40,1070
"193","GO:0006338",NA,1,1,NA,NA,"GO:0071840","GO:0016043",NA,"GO:0006325",NA,NA,NA,NA,NA,NA,NA,NA,NA,NA,NA,NA,NA,NA,NA,NA,"chromatin remodeling",88,179
"194","GO:0006351",NA,1,1,NA,NA,"GO:0008152",NA,NA,NA,NA,NA,NA,NA,NA,NA,NA,NA,NA,NA,NA,NA,NA,NA,NA,NA,"transcription, DNA-templated",1789,6267
"195","GO:0006357",NA,1,1,NA,NA,"GO:0008152",NA,NA,NA,"GO:0006351","GO:0006366",NA,NA,NA,NA,NA,NA,NA,NA,NA,NA,NA,NA,NA,NA,"regulation of transcription from RNA polymerase II promoter",413,2411
"196","GO:0006366",NA,1,1,NA,NA,"GO:0008152",NA,NA,NA,"GO:0006351","GO:0006351",NA,NA,NA,NA,NA,NA,NA,NA,NA,NA,NA,NA,NA,NA,"transcription from RNA polymerase II promoter",542,3013
"197","GO:0006367",NA,1,1,NA,NA,"GO:0008152",NA,NA,NA,"GO:0006351","GO:0006366",NA,NA,NA,NA,NA,NA,NA,NA,NA,NA,NA,NA,NA,NA,"transcription initiation from RNA polymerase II promoter",172,207
"198","GO:0006368",NA,1,1,NA,NA,"GO:0008152",NA,NA,NA,"GO:0006351","GO:0006366",NA,NA,NA,NA,NA,NA,NA,NA,NA,NA,NA,NA,NA,NA,"transcription elongation from RNA polymerase II promoter",86,112
"199","GO:0006369",NA,1,1,NA,NA,"GO:0008152",NA,NA,NA,"GO:0006351","GO:0006366",NA,NA,NA,NA,NA,NA,NA,NA,NA,NA,NA,NA,NA,NA,"termination of RNA polymerase II transcription",63,64
"200","GO:0006370",NA,1,1,NA,NA,"GO:0009987",NA,NA,"GO:0016070",NA,"GO:0006397",NA,NA,NA,NA,NA,NA,NA,NA,NA,NA,NA,NA,NA,NA,"7-methylguanosine mRNA capping",38,38
"201","GO:0006378",NA,1,1,NA,NA,"GO:0008152",NA,NA,NA,"GO:0016070",NA,NA,NA,NA,NA,NA,NA,NA,NA,NA,NA,NA,NA,NA,NA,"mRNA polyadenylation",29,40
"202","GO:0006397",NA,1,1,NA,NA,"GO:0008152",NA,NA,NA,"GO:0016070",NA,NA,NA,NA,NA,NA,NA,NA,NA,NA,NA,NA,NA,NA,NA,"mRNA processing",160,720
"203","GO:0006399",NA,1,1,NA,NA,"GO:0008152",NA,NA,NA,"GO:0016070",NA,NA,NA,NA,NA,NA,NA,NA,NA,NA,NA,NA,NA,NA,NA,"tRNA metabolic process",2,268
"204","GO:0006401",NA,1,1,NA,NA,"GO:0008152",NA,NA,NA,NA,"GO:0016070",NA,NA,NA,NA,NA,NA,NA,NA,NA,NA,NA,NA,NA,NA,"RNA catabolic process",21,327
"205","GO:0006403",NA,1,1,NA,NA,"GO:0051179",NA,NA,NA,NA,NA,NA,NA,NA,NA,NA,NA,NA,NA,NA,NA,NA,NA,NA,NA,"RNA localization",2,261
"206","GO:0006412",NA,1,1,NA,NA,"GO:0008152",NA,NA,NA,NA,NA,NA,NA,NA,NA,NA,NA,NA,NA,NA,NA,NA,NA,NA,NA,"translation",259,1058
"207","GO:0006417",NA,1,1,NA,NA,"GO:0008152",NA,NA,NA,"GO:0006412","GO:0006412",NA,NA,NA,NA,NA,NA,NA,NA,NA,NA,NA,NA,NA,NA,"regulation of translation",51,411
"208","GO:0006418",NA,1,1,NA,NA,"GO:0008152",NA,NA,NA,"GO:0006412","GO:0006412",NA,NA,NA,NA,NA,NA,NA,NA,NA,NA,NA,NA,NA,NA,"tRNA aminoacylation for protein translation",37,86
"209","GO:0006457",NA,1,1,NA,NA,"GO:0009987",NA,NA,NA,NA,NA,NA,NA,NA,NA,NA,NA,NA,NA,NA,NA,NA,NA,NA,NA,"protein folding",167,258
"210","GO:0006461",NA,1,1,NA,NA,"GO:0071840","GO:0044085","GO:0070271",NA,NA,NA,NA,NA,NA,NA,NA,NA,NA,NA,NA,NA,NA,NA,NA,NA,"protein complex assembly",116,1629
"211","GO:0006464",NA,1,1,NA,NA,"GO:0008152",NA,NA,NA,NA,NA,NA,NA,NA,NA,NA,NA,NA,NA,NA,NA,NA,NA,NA,NA,"cellular protein modification process",93,5560
"212","GO:0006468",NA,1,1,NA,NA,"GO:0009987",NA,NA,"GO:0006796",NA,"GO:0006464",NA,NA,NA,NA,NA,NA,NA,NA,NA,NA,NA,NA,NA,NA,"protein phosphorylation",475,2736
"213","GO:0006471",NA,1,1,NA,NA,"GO:0008152",NA,NA,NA,NA,"GO:0006486",NA,NA,NA,NA,NA,NA,NA,NA,NA,NA,NA,NA,NA,NA,"protein ADP-ribosylation",19,27
"214","GO:0006473",NA,1,1,NA,NA,"GO:0009987",NA,NA,NA,"GO:0006464",NA,NA,NA,NA,NA,NA,NA,NA,NA,NA,NA,NA,NA,NA,NA,"protein acetylation",10,208
"215","GO:0006479",NA,1,1,NA,NA,"GO:0008152",NA,NA,NA,NA,NA,NA,NA,NA,NA,NA,NA,NA,NA,NA,NA,NA,NA,NA,NA,"protein methylation",19,211
"216","GO:0006486",NA,1,1,NA,NA,"GO:0008152",NA,NA,NA,NA,NA,NA,NA,NA,NA,NA,NA,NA,NA,NA,NA,NA,NA,NA,NA,"protein glycosylation",80,344
"217","GO:0006497",NA,1,1,NA,NA,"GO:0008152",NA,NA,NA,NA,NA,NA,NA,NA,NA,NA,NA,NA,NA,NA,NA,NA,NA,NA,NA,"protein lipidation",11,105
"218","GO:0006508",NA,1,1,NA,NA,"GO:0008152","GO:0044238","GO:0019538","GO:0019538",NA,NA,NA,NA,NA,NA,NA,NA,NA,NA,NA,NA,NA,NA,NA,NA,"proteolysis",467,2121
"219","GO:0006520",NA,1,1,NA,NA,"GO:0008152",NA,NA,NA,NA,NA,NA,NA,NA,NA,NA,NA,NA,NA,NA,NA,NA,NA,NA,NA,"cellular amino acid metabolic process",30,438
"220","GO:0006521",NA,1,1,NA,NA,"GO:0008152",NA,NA,"GO:0006520",NA,"GO:0006520",NA,NA,NA,NA,NA,NA,NA,NA,NA,NA,NA,NA,NA,NA,"regulation of cellular amino acid metabolic process",51,54
"221","GO:0006605",NA,1,1,NA,NA,"GO:0051179",NA,NA,NA,"GO:0006886","GO:0006886",NA,NA,NA,NA,NA,NA,NA,NA,NA,NA,NA,NA,NA,NA,"protein targeting",35,776
"222","GO:0006629",NA,1,1,NA,NA,"GO:0008152",NA,NA,NA,NA,NA,NA,NA,NA,NA,NA,NA,NA,NA,NA,NA,NA,NA,NA,NA,"lipid metabolic process",126,2074
"223","GO:0006631",NA,1,1,NA,NA,"GO:0008152",NA,NA,NA,NA,NA,NA,NA,NA,NA,NA,NA,NA,NA,NA,NA,NA,NA,NA,NA,"fatty acid metabolic process",49,502
"224","GO:0006633",NA,1,1,NA,NA,"GO:0008152",NA,NA,NA,NA,NA,NA,NA,NA,NA,NA,NA,NA,NA,NA,NA,NA,NA,NA,NA,"fatty acid biosynthetic process",45,178
"225","GO:0006635",NA,1,1,NA,NA,"GO:0008152",NA,NA,NA,NA,NA,NA,NA,NA,NA,NA,NA,NA,NA,NA,NA,NA,NA,NA,NA,"fatty acid beta-oxidation",53,104
"226","GO:0006636",NA,1,1,NA,NA,"GO:0008152",NA,"GO:0006629",NA,"GO:0006631",NA,NA,NA,NA,NA,NA,NA,NA,NA,NA,NA,NA,NA,NA,NA,"unsaturated fatty acid biosynthetic process",16,69
"227","GO:0006637",NA,1,1,NA,NA,"GO:0008152",NA,NA,NA,NA,NA,NA,NA,NA,NA,NA,NA,NA,NA,NA,NA,NA,NA,NA,NA,"acyl-CoA metabolic process",17,124
"228","GO:0006644",NA,1,1,NA,NA,"GO:0008152",NA,NA,NA,NA,NA,NA,NA,NA,NA,NA,NA,NA,NA,NA,NA,NA,NA,NA,NA,"phospholipid metabolic process",49,542
"229","GO:0006732",NA,1,1,NA,NA,"GO:0009987",NA,NA,NA,NA,NA,NA,NA,NA,NA,NA,NA,NA,NA,NA,NA,NA,NA,NA,NA,"coenzyme metabolic process",NA,456
"230","GO:0006766",NA,1,1,NA,NA,"GO:0008152",NA,NA,NA,NA,NA,NA,NA,NA,NA,NA,NA,NA,NA,NA,NA,NA,NA,NA,NA,"vitamin metabolic process",7,171
"231","GO:0006778",NA,1,1,NA,NA,"GO:0009987",NA,NA,NA,NA,NA,NA,NA,NA,NA,NA,NA,NA,NA,NA,NA,NA,NA,NA,NA,"porphyrin-containing compound metabolic process",2,61
"232","GO:0006790",NA,1,1,NA,NA,"GO:0009987",NA,NA,NA,NA,NA,NA,NA,NA,NA,NA,NA,NA,NA,NA,NA,NA,NA,NA,NA,"sulfur compound metabolic process",16,493
"233","GO:0006796",NA,1,1,NA,NA,"GO:0009987",NA,NA,NA,NA,NA,NA,NA,NA,NA,NA,NA,NA,NA,NA,NA,NA,NA,NA,NA,"phosphate-containing compound metabolic process",17,4704
"234","GO:0006807",NA,1,1,NA,NA,"GO:0008152",NA,NA,NA,NA,NA,NA,NA,NA,NA,NA,NA,NA,NA,NA,NA,NA,NA,NA,NA,"nitrogen compound metabolic process",9,12607
"235","GO:0006809",NA,1,1,NA,NA,"GO:0009987",NA,NA,NA,NA,NA,NA,NA,NA,NA,NA,NA,NA,NA,NA,NA,NA,NA,NA,NA,"nitric oxide biosynthetic process",13,66
"236","GO:0006810",NA,1,1,NA,NA,"GO:0051179",NA,NA,NA,NA,NA,NA,NA,NA,NA,NA,NA,NA,NA,NA,NA,NA,NA,NA,NA,"transport",288,7545
"237","GO:0006811",NA,1,1,NA,NA,"GO:0051179",NA,"GO:0006810",NA,NA,NA,NA,NA,NA,NA,NA,NA,NA,NA,NA,NA,NA,NA,NA,NA,"ion transport",105,2346
"238","GO:0006812",NA,1,1,NA,NA,"GO:0051179",NA,"GO:0006810","GO:0006811",NA,NA,NA,NA,NA,NA,NA,NA,NA,NA,NA,NA,NA,NA,NA,NA,"cation transport",22,1424
"239","GO:0006817",NA,1,1,NA,NA,"GO:0051179",NA,"GO:0006810","GO:0006811","GO:0006820",NA,NA,NA,NA,NA,NA,NA,NA,NA,NA,NA,NA,NA,NA,NA,"phosphate ion transport",7,29
"240","GO:0006820",NA,1,1,NA,NA,"GO:0051179",NA,"GO:0006810","GO:0006811",NA,NA,NA,NA,NA,NA,NA,NA,NA,NA,NA,NA,NA,NA,NA,NA,"anion transport",14,621
"241","GO:0006839",NA,1,1,NA,NA,"GO:0051179",NA,"GO:0006810",NA,NA,NA,NA,NA,NA,NA,NA,NA,NA,NA,NA,NA,NA,NA,NA,NA,"mitochondrial transport",13,321
"242","GO:0006858",NA,1,1,NA,NA,"GO:0051179",NA,"GO:0006810",NA,NA,NA,NA,NA,NA,NA,NA,NA,NA,NA,NA,NA,NA,NA,NA,NA,"extracellular transport",NA,1
"243","GO:0006865",NA,1,1,NA,NA,"GO:0051179",NA,"GO:0006810",NA,NA,NA,NA,NA,NA,NA,NA,NA,NA,NA,NA,NA,NA,NA,NA,NA,"amino acid transport",35,162
"244","GO:0006869",NA,1,1,NA,NA,"GO:0051179",NA,NA,NA,NA,NA,NA,NA,NA,NA,NA,NA,NA,NA,NA,NA,NA,NA,NA,NA,"lipid transport",69,401
"245","GO:0006874",NA,1,1,NA,NA,"GO:0009987",NA,NA,NA,NA,NA,NA,NA,NA,NA,NA,NA,NA,NA,NA,NA,NA,NA,NA,NA,"cellular calcium ion homeostasis",92,458
"246","GO:0006886",NA,1,1,NA,NA,"GO:0051179",NA,NA,NA,"GO:0015031",NA,NA,NA,NA,NA,NA,NA,NA,NA,NA,NA,NA,NA,NA,NA,"intracellular protein transport",209,1146
"247","GO:0006887",NA,1,1,NA,NA,"GO:0051179",NA,"GO:0006810",NA,NA,NA,NA,NA,NA,NA,NA,NA,NA,NA,NA,NA,NA,NA,NA,NA,"exocytosis",74,476
"248","GO:0006897",NA,1,1,NA,NA,"GO:0051179",NA,"GO:0006810","GO:0016192",NA,NA,NA,NA,NA,NA,NA,NA,NA,NA,NA,NA,NA,NA,NA,NA,"endocytosis",134,746
"249","GO:0006898",NA,1,1,NA,NA,"GO:0051179",NA,"GO:0006810","GO:0016192","GO:0006897",NA,NA,NA,NA,NA,NA,NA,NA,NA,NA,NA,NA,NA,NA,NA,"receptor-mediated endocytosis",152,312
"250","GO:0006907",NA,1,1,NA,NA,"GO:0051179",NA,"GO:0006810","GO:0016192","GO:0006897",NA,NA,NA,NA,NA,NA,NA,NA,NA,NA,NA,NA,NA,NA,NA,"pinocytosis",4,19
"251","GO:0006909",NA,1,1,NA,NA,"GO:0051179",NA,NA,NA,"GO:0006897",NA,NA,NA,NA,NA,NA,NA,NA,NA,NA,NA,NA,NA,NA,NA,"phagocytosis",45,270
"252","GO:0006915",NA,1,1,NA,NA,"GO:0009987",NA,"GO:0008219",NA,NA,NA,NA,NA,NA,NA,NA,NA,NA,NA,NA,NA,NA,NA,NA,NA,"apoptotic process",532,2514
"253","GO:0006928",NA,1,1,NA,NA,"GO:0009987",NA,NA,NA,NA,NA,NA,NA,NA,NA,NA,NA,NA,NA,NA,NA,NA,NA,NA,NA,"movement of cell or subcellular component",85,2310
"254","GO:0006936",NA,1,1,NA,NA,"GO:0032501","GO:0003008",NA,NA,NA,NA,NA,NA,NA,NA,NA,NA,NA,NA,NA,NA,NA,NA,NA,NA,"muscle contraction",108,424
"255","GO:0006950",NA,1,1,NA,NA,"GO:0050896",NA,NA,NA,NA,NA,NA,NA,NA,NA,NA,NA,NA,NA,NA,NA,NA,NA,NA,NA,"response to stress",57,5500
"256","GO:0006955",NA,1,1,NA,NA,"GO:0050896",NA,NA,NA,NA,NA,NA,NA,NA,NA,NA,NA,NA,NA,NA,NA,NA,NA,NA,NA,"immune response",347,2219
"257","GO:0006956",NA,1,1,NA,NA,"GO:0050896",NA,NA,NA,NA,NA,NA,NA,NA,NA,NA,NA,NA,NA,NA,NA,NA,NA,NA,NA,"complement activation",56,138
"258","GO:0006968",NA,1,1,NA,NA,"GO:0050896","GO:0006950",NA,NA,NA,NA,NA,NA,NA,NA,NA,NA,NA,NA,NA,NA,NA,NA,NA,NA,"cellular defense response",60,60
"259","GO:0006996",NA,1,1,NA,NA,"GO:0071840","GO:0016043",NA,NA,NA,NA,NA,NA,NA,NA,NA,NA,NA,NA,NA,NA,NA,NA,NA,NA,"organelle organization",14,4514
"260","GO:0007005",NA,1,1,NA,NA,"GO:0071840","GO:0016043","GO:0006996",NA,NA,NA,NA,NA,NA,NA,NA,NA,NA,NA,NA,NA,NA,NA,NA,NA,"mitochondrion organization",72,819
"261","GO:0007010",NA,1,1,NA,NA,"GO:0071840","GO:0016043","GO:0006996",NA,NA,NA,NA,NA,NA,NA,NA,NA,NA,NA,NA,NA,NA,NA,NA,NA,"cytoskeleton organization",158,1416
"262","GO:0007028",NA,1,1,NA,NA,"GO:0009987",NA,NA,NA,NA,NA,NA,NA,NA,NA,NA,NA,NA,NA,NA,NA,NA,NA,NA,NA,"cytoplasm organization",4,10
"263","GO:0007041",NA,1,1,NA,NA,"GO:0051179",NA,"GO:0006810",NA,NA,NA,NA,NA,NA,NA,NA,NA,NA,NA,NA,NA,NA,NA,NA,NA,"lysosomal transport",12,81
"264","GO:0007049",NA,1,1,NA,NA,"GO:0009987",NA,NA,NA,NA,NA,NA,NA,NA,NA,NA,NA,NA,NA,NA,NA,NA,NA,NA,NA,"cell cycle",196,2322
"265","GO:0007059",NA,1,1,NA,NA,"GO:0009987",NA,NA,NA,NA,NA,NA,NA,NA,NA,NA,NA,NA,NA,NA,NA,NA,NA,NA,NA,"chromosome segregation",67,416
"266","GO:0007067",NA,1,1,NA,NA,"GO:0009987",NA,"GO:0007049",NA,NA,NA,NA,NA,NA,NA,NA,NA,NA,NA,NA,NA,NA,NA,NA,NA,"mitotic nuclear division",238,494
"267","GO:0007126",NA,1,1,NA,NA,"GO:0000003",NA,NA,NA,NA,NA,NA,NA,NA,NA,NA,NA,NA,NA,NA,NA,NA,NA,NA,NA,"meiotic nuclear division",24,201
"268","GO:0007154",NA,1,1,NA,NA,"GO:0009987",NA,NA,NA,NA,NA,NA,NA,NA,NA,NA,NA,NA,NA,NA,NA,NA,NA,NA,NA,"cell communication",28,10288
"269","GO:0007155",NA,1,1,NA,NA,"GO:0022610",NA,NA,NA,NA,NA,NA,NA,NA,NA,NA,NA,NA,NA,NA,NA,NA,NA,NA,NA,"cell adhesion",411,2155
"270","GO:0007160",NA,1,1,NA,NA,"GO:0022610","GO:0007155",NA,NA,NA,NA,NA,NA,NA,NA,NA,NA,NA,NA,NA,NA,NA,NA,NA,NA,"cell-matrix adhesion",94,220
"271","GO:0007165",NA,1,1,NA,NA,"GO:0050896",NA,"GO:0007154",NA,NA,NA,NA,NA,NA,NA,NA,NA,NA,NA,NA,NA,NA,NA,NA,NA,"signal transduction",1069,9336
"272","GO:0007166",NA,1,1,NA,NA,"GO:0050896",NA,"GO:0007165","GO:0007165",NA,NA,NA,NA,NA,NA,NA,NA,NA,NA,NA,NA,NA,NA,NA,NA,"cell surface receptor signaling pathway",270,3914
"273","GO:0007169",NA,1,1,NA,NA,"GO:0009987",NA,"GO:0007154","GO:0007165","GO:0007166",NA,NA,NA,NA,NA,NA,NA,NA,NA,NA,NA,NA,NA,NA,NA,"transmembrane receptor protein tyrosine kinase signaling pathway",88,875
"274","GO:0007178",NA,1,1,NA,NA,"GO:0009987",NA,"GO:0007154","GO:0007165","GO:0007166",NA,NA,NA,NA,NA,NA,NA,NA,NA,NA,NA,NA,NA,NA,NA,"transmembrane receptor protein serine/threonine kinase signaling pathway",12,466
"275","GO:0007186",NA,1,1,NA,NA,"GO:0050896",NA,"GO:0007165","GO:0007165",NA,NA,NA,NA,NA,NA,NA,NA,NA,NA,NA,NA,NA,NA,NA,NA,"G-protein coupled receptor signaling pathway",877,1549
"276","GO:0007249",NA,1,1,NA,NA,"GO:0009987",NA,"GO:0007154","GO:0007165","GO:0035556",NA,NA,NA,NA,NA,NA,NA,NA,NA,NA,NA,NA,NA,NA,NA,"I-kappaB kinase/NF-kappaB signaling",61,310
"277","GO:0007254",NA,1,1,NA,NA,"GO:0050896",NA,"GO:0007165","GO:0035556",NA,NA,NA,NA,NA,NA,NA,NA,NA,NA,NA,NA,NA,NA,NA,NA,"JNK cascade",50,232
"278","GO:0007259",NA,1,1,NA,NA,"GO:0009987",NA,"GO:0007154","GO:0007165","GO:0035556",NA,NA,NA,NA,NA,NA,NA,NA,NA,NA,NA,NA,NA,NA,NA,"JAK-STAT cascade",30,204
"279","GO:0007263",NA,1,1,NA,NA,"GO:0009987",NA,"GO:0007154","GO:0007165","GO:0035556",NA,NA,NA,NA,NA,NA,NA,NA,NA,NA,NA,NA,NA,NA,NA,"nitric oxide mediated signal transduction",20,26
"280","GO:0007267",NA,1,1,NA,NA,"GO:0009987",NA,"GO:0007154",NA,NA,NA,NA,NA,NA,NA,NA,NA,NA,NA,NA,NA,NA,NA,NA,NA,"cell-cell signaling",248,2051
"281","GO:0007268",NA,1,1,NA,NA,"GO:0009987",NA,"GO:0007267",NA,NA,NA,NA,NA,NA,NA,NA,NA,NA,NA,NA,NA,NA,NA,NA,NA,"chemical synaptic transmission",237,733
"282","GO:0007269",NA,1,1,NA,NA,"GO:0009987",NA,"GO:0007154","GO:0007267",NA,NA,NA,NA,NA,NA,NA,NA,NA,NA,NA,NA,NA,NA,NA,NA,"neurotransmitter secretion",54,167
"283","GO:0007270",NA,1,1,NA,NA,"GO:0009987",NA,NA,NA,NA,NA,NA,NA,NA,NA,NA,NA,NA,NA,NA,NA,NA,NA,NA,NA,"neuron-neuron synaptic transmission",6,140
"284","GO:0007274",NA,1,1,NA,NA,"GO:0009987",NA,NA,NA,NA,NA,NA,NA,NA,NA,NA,NA,NA,NA,NA,NA,NA,NA,NA,NA,"neuromuscular synaptic transmission",26,30
"285","GO:0007276",NA,1,1,NA,NA,"GO:0000003",NA,NA,NA,NA,NA,NA,NA,NA,NA,NA,NA,NA,NA,NA,NA,NA,NA,NA,NA,"gamete generation",17,640
"286","GO:0007283",NA,1,1,NA,NA,"GO:0000003",NA,NA,NA,"GO:0007276",NA,NA,NA,NA,NA,NA,NA,NA,NA,NA,NA,NA,NA,NA,NA,"spermatogenesis",372,505
"287","GO:0007292",NA,1,1,NA,NA,"GO:0000003",NA,NA,NA,"GO:0007276",NA,NA,NA,NA,NA,NA,NA,NA,NA,NA,NA,NA,NA,NA,NA,"female gamete generation",16,112
"288","GO:0007379",NA,1,1,NA,NA,"GO:0032502",NA,NA,"GO:0007389",NA,NA,NA,NA,NA,NA,NA,NA,NA,NA,NA,NA,NA,NA,NA,NA,"segment specification",7,17
"289","GO:0007389",NA,1,1,NA,NA,"GO:0032502",NA,NA,NA,NA,NA,NA,NA,NA,NA,NA,NA,NA,NA,NA,NA,NA,NA,NA,NA,"pattern specification process",28,507
"290","GO:0007398",NA,1,1,NA,NA,"GO:0032502",NA,NA,NA,NA,NA,NA,NA,NA,NA,NA,NA,NA,NA,NA,NA,NA,NA,NA,NA,"ectoderm development",13,21
"291","GO:0007399",NA,1,1,NA,NA,"GO:0032502",NA,NA,"GO:0048731",NA,NA,NA,NA,NA,NA,NA,NA,NA,NA,NA,NA,NA,NA,NA,NA,"nervous system development",275,2770
"292","GO:0007492",NA,1,1,NA,NA,"GO:0032502",NA,NA,NA,NA,NA,NA,NA,NA,NA,NA,NA,NA,NA,NA,NA,NA,NA,NA,NA,"endoderm development",20,80
"293","GO:0007498",NA,1,1,NA,NA,"GO:0032502",NA,NA,NA,NA,NA,NA,NA,NA,NA,NA,NA,NA,NA,NA,NA,NA,NA,NA,NA,"mesoderm development",32,141
"294","GO:0007507",NA,1,1,NA,NA,"GO:0032502",NA,NA,"GO:0048731",NA,NA,NA,NA,NA,NA,NA,NA,NA,NA,NA,NA,NA,NA,NA,NA,"heart development",174,606
"295","GO:0007517",NA,1,1,NA,NA,"GO:0032502",NA,NA,"GO:0048731",NA,NA,NA,NA,NA,NA,NA,NA,NA,NA,NA,NA,NA,NA,NA,NA,"muscle organ development",87,395
"296","GO:0007530",NA,1,1,NA,NA,"GO:0000003",NA,NA,NA,NA,NA,NA,NA,NA,NA,NA,NA,NA,NA,NA,NA,NA,NA,NA,NA,"sex determination",7,24
"297","GO:0007596",NA,1,1,NA,NA,"GO:0050896","GO:0006950",NA,NA,NA,NA,NA,NA,NA,NA,NA,NA,NA,NA,NA,NA,NA,NA,NA,NA,"blood coagulation",186,424
"298","GO:0007600",NA,1,1,NA,NA,"GO:0032501","GO:0003008","GO:0050877",NA,NA,NA,NA,NA,NA,NA,NA,NA,NA,NA,NA,NA,NA,NA,NA,NA,"sensory perception",12,1231
"299","GO:0007601",NA,1,1,NA,NA,"GO:0032501","GO:0003008","GO:0050877","GO:0007600",NA,NA,NA,NA,NA,NA,NA,NA,NA,NA,NA,NA,NA,NA,NA,NA,"visual perception",199,215
"300","GO:0007605",NA,1,1,NA,NA,"GO:0032501","GO:0003008","GO:0050877","GO:0007600",NA,NA,NA,NA,NA,NA,NA,NA,NA,NA,NA,NA,NA,NA,NA,NA,"sensory perception of sound",132,143
"301","GO:0007606",NA,1,1,NA,NA,"GO:0032501","GO:0003008","GO:0050877","GO:0007600",NA,NA,NA,NA,NA,NA,NA,NA,NA,NA,NA,NA,NA,NA,NA,NA,"sensory perception of chemical stimulus",9,762
"302","GO:0007608",NA,1,1,NA,NA,"GO:0032501","GO:0003008","GO:0050877","GO:0007600","GO:0007606",NA,NA,NA,NA,NA,NA,NA,NA,NA,NA,NA,NA,NA,NA,NA,"sensory perception of smell",161,586
"303","GO:0007610",NA,1,1,NA,"GO:0008150",NA,NA,NA,NA,NA,NA,NA,NA,NA,NA,NA,NA,NA,NA,NA,NA,NA,NA,NA,NA,"behavior",5,621
"304","GO:0007623",NA,1,1,NA,NA,"GO:0048511",NA,NA,NA,NA,NA,NA,NA,NA,NA,NA,NA,NA,NA,NA,NA,NA,NA,NA,NA,"circadian rhythm",74,234
"305","GO:0008009",1,1,NA,NA,NA,NA,NA,NA,NA,NA,NA,NA,NA,NA,NA,NA,NA,NA,NA,"GO:0005488","GO:0005515","GO:0005102","GO:0005126",NA,NA,"chemokine activity",54,54
"306","GO:0008015",NA,1,1,NA,NA,"GO:0032501","GO:0003008",NA,NA,NA,NA,NA,NA,NA,NA,NA,NA,NA,NA,NA,NA,NA,NA,NA,NA,"blood circulation",43,638
"307","GO:0008017",1,1,NA,NA,NA,NA,NA,NA,NA,NA,NA,NA,NA,NA,NA,NA,NA,NA,NA,"GO:0005488","GO:0005515","GO:0008092",NA,NA,NA,"microtubule binding",213,225
"308","GO:0008037",NA,1,1,NA,NA,"GO:0009987",NA,NA,NA,NA,NA,NA,NA,NA,NA,NA,NA,NA,NA,NA,NA,NA,NA,NA,NA,"cell recognition",23,158
"309","GO:0008047",1,1,NA,NA,NA,NA,NA,NA,NA,NA,NA,NA,NA,NA,NA,NA,NA,NA,NA,NA,"GO:0030234",NA,NA,NA,NA,"enzyme activator activity",47,540
"310","GO:0008066",1,1,NA,NA,NA,NA,NA,NA,NA,NA,NA,NA,NA,NA,NA,NA,NA,NA,NA,"GO:0004871","GO:0004872",NA,NA,NA,NA,"glutamate receptor activity",13,41
"311","GO:0008081",1,1,NA,NA,NA,NA,NA,NA,NA,NA,NA,NA,NA,NA,NA,NA,NA,NA,NA,"GO:0003824","GO:0016787","GO:0016788",NA,NA,NA,"phosphoric diester hydrolase activity",8,131
"312","GO:0008083",1,1,NA,NA,NA,NA,NA,NA,NA,NA,NA,NA,NA,NA,NA,NA,NA,NA,NA,"GO:0005488","GO:0005515","GO:0005102",NA,NA,NA,"growth factor activity",166,166
"313","GO:0008092",1,1,NA,NA,NA,NA,NA,NA,NA,NA,NA,NA,NA,NA,NA,NA,NA,NA,NA,"GO:0005488","GO:0005515",NA,NA,NA,NA,"cytoskeletal protein binding",49,1006
"314","GO:0008104",NA,1,1,NA,NA,"GO:0051179",NA,NA,NA,NA,NA,NA,NA,NA,NA,NA,NA,NA,NA,NA,NA,NA,NA,NA,NA,"protein localization",55,2931
"315","GO:0008105",NA,1,1,NA,NA,"GO:0051179",NA,"GO:0008104",NA,NA,NA,NA,NA,NA,NA,NA,NA,NA,NA,NA,NA,NA,NA,NA,NA,"asymmetric protein localization",4,18
"316","GO:0008135",1,1,NA,NA,NA,NA,NA,NA,NA,NA,NA,NA,NA,NA,NA,NA,NA,NA,NA,"GO:0005488",NA,"GO:0003676","GO:0003723",NA,NA,"translation factor activity, RNA binding",28,119
"317","GO:0008143",1,1,NA,NA,NA,NA,NA,NA,NA,NA,NA,NA,NA,NA,NA,NA,NA,NA,NA,"GO:0005488",NA,"GO:0003676","GO:0003723",NA,NA,"poly(A) binding",13,13
"318","GO:0008150",NA,1,1,NA,NA,NA,NA,NA,NA,NA,NA,NA,NA,NA,NA,NA,NA,NA,NA,NA,NA,NA,NA,NA,NA,"biological_process",642,43313
"319","GO:0008152",NA,1,1,NA,"GO:0008150",NA,NA,NA,NA,NA,NA,NA,NA,NA,NA,NA,NA,NA,NA,NA,NA,NA,NA,NA,NA,"metabolic process",42,21773
"320","GO:0008168",1,1,NA,NA,NA,NA,NA,NA,NA,NA,NA,NA,NA,NA,NA,NA,NA,NA,NA,"GO:0003824","GO:0016740",NA,NA,NA,NA,"methyltransferase activity",49,314
"321","GO:0008173",1,1,NA,NA,NA,NA,NA,NA,NA,NA,NA,NA,NA,NA,NA,NA,NA,NA,NA,"GO:0003824","GO:0016740",NA,"GO:0008168",NA,NA,"RNA methyltransferase activity",11,68
"322","GO:0008191",1,1,NA,NA,NA,NA,NA,NA,NA,NA,NA,NA,NA,NA,NA,NA,NA,NA,NA,NA,"GO:0030234",NA,NA,NA,NA,"metalloendopeptidase inhibitor activity",17,17
"323","GO:0008202",NA,1,1,NA,NA,"GO:0008152",NA,NA,NA,NA,NA,NA,NA,NA,NA,NA,NA,NA,NA,NA,NA,NA,NA,NA,NA,"steroid metabolic process",40,370
"324","GO:0008203",NA,1,1,NA,NA,"GO:0008152",NA,NA,NA,NA,NA,NA,NA,NA,NA,NA,NA,NA,NA,NA,NA,NA,NA,NA,NA,"cholesterol metabolic process",69,152
"325","GO:0008206",NA,1,1,NA,NA,"GO:0008152",NA,NA,NA,NA,NA,NA,NA,NA,NA,NA,NA,NA,NA,NA,NA,NA,NA,NA,NA,"bile acid metabolic process",17,60
"326","GO:0008219",NA,1,1,NA,NA,"GO:0009987",NA,NA,NA,NA,NA,NA,NA,NA,NA,NA,NA,NA,NA,NA,NA,NA,NA,NA,NA,"cell death",39,2722
"327","GO:0008233",1,1,NA,NA,NA,NA,NA,NA,NA,NA,NA,NA,NA,NA,NA,NA,NA,NA,NA,"GO:0003824","GO:0016787",NA,NA,NA,NA,"peptidase activity",72,1007
"328","GO:0008234",1,1,NA,NA,NA,NA,NA,NA,NA,NA,NA,NA,NA,NA,NA,NA,NA,NA,NA,"GO:0003824","GO:0016787","GO:0008233",NA,NA,NA,"cysteine-type peptidase activity",31,264
"329","GO:0008236",1,1,NA,NA,NA,NA,NA,NA,NA,NA,NA,NA,NA,NA,NA,NA,NA,NA,NA,"GO:0003824","GO:0016787","GO:0008233",NA,NA,NA,"serine-type peptidase activity",63,321
"330","GO:0008237",1,1,NA,NA,NA,NA,NA,NA,NA,NA,NA,NA,NA,NA,NA,NA,NA,NA,NA,"GO:0003824","GO:0016787","GO:0008233",NA,NA,NA,"metallopeptidase activity",65,255
"331","GO:0008283",NA,1,1,NA,NA,NA,NA,NA,NA,NA,NA,NA,NA,NA,NA,NA,NA,NA,NA,NA,NA,NA,NA,NA,NA,"cell proliferation",358,2370
"332","GO:0008289",1,1,NA,NA,NA,NA,NA,NA,NA,NA,NA,NA,NA,NA,NA,NA,NA,NA,NA,"GO:0005488",NA,NA,NA,NA,NA,"lipid binding",135,706
"333","GO:0008324",1,1,NA,NA,NA,NA,NA,NA,NA,NA,NA,NA,NA,NA,NA,NA,NA,NA,NA,"GO:0005215",NA,NA,NA,NA,NA,"cation transmembrane transporter activity",5,957
"334","GO:0008380",NA,1,1,NA,NA,"GO:0008152",NA,NA,NA,NA,NA,NA,NA,NA,NA,NA,NA,NA,NA,NA,NA,NA,NA,NA,NA,"RNA splicing",155,665
"335","GO:0008483",1,1,NA,NA,NA,NA,NA,NA,NA,NA,NA,NA,NA,NA,NA,NA,NA,NA,NA,"GO:0003824","GO:0016740",NA,NA,NA,NA,"transaminase activity",5,47
"336","GO:0008643",NA,1,1,NA,NA,"GO:0051179",NA,"GO:0006810",NA,NA,NA,NA,NA,NA,NA,NA,NA,NA,NA,NA,NA,NA,NA,NA,NA,"carbohydrate transport",18,218
"337","GO:0008652",NA,1,1,NA,NA,"GO:0008152",NA,NA,NA,NA,NA,NA,NA,NA,NA,NA,NA,NA,NA,NA,NA,NA,NA,NA,NA,"cellular amino acid biosynthetic process",24,92
"338","GO:0009008",1,1,NA,NA,NA,NA,NA,NA,NA,NA,NA,NA,NA,NA,NA,NA,NA,NA,NA,"GO:0003824","GO:0016740",NA,"GO:0008168",NA,NA,"DNA-methyltransferase activity",6,12
"339","GO:0009055",1,1,NA,NA,NA,NA,NA,NA,NA,NA,NA,NA,NA,NA,NA,NA,NA,NA,"GO:0003674",NA,NA,NA,NA,NA,NA,"electron carrier activity",89,118
"340","GO:0009056",NA,1,1,NA,NA,"GO:0008152",NA,NA,NA,NA,NA,NA,NA,NA,NA,NA,NA,NA,NA,NA,NA,NA,NA,NA,NA,"catabolic process",7,2611
"341","GO:0009058",NA,1,1,NA,NA,"GO:0008152",NA,NA,NA,NA,NA,NA,NA,NA,NA,NA,NA,NA,NA,NA,NA,NA,NA,NA,NA,"biosynthetic process",12,10677
"342","GO:0009063",NA,1,1,NA,NA,"GO:0008152",NA,NA,NA,NA,NA,NA,NA,NA,NA,NA,NA,NA,NA,NA,NA,NA,NA,NA,NA,"cellular amino acid catabolic process",2,117
"343","GO:0009110",NA,1,1,NA,NA,"GO:0008152",NA,NA,NA,NA,NA,NA,NA,NA,NA,NA,NA,NA,NA,NA,NA,NA,NA,NA,NA,"vitamin biosynthetic process",NA,26
"344","GO:0009111",NA,1,1,NA,NA,"GO:0008152",NA,NA,NA,NA,NA,NA,NA,NA,NA,NA,NA,NA,NA,NA,NA,NA,NA,NA,NA,"vitamin catabolic process",NA,10
"345","GO:0009187",NA,1,1,NA,NA,"GO:0008152",NA,NA,NA,NA,NA,NA,NA,NA,NA,NA,NA,NA,NA,NA,NA,NA,NA,NA,NA,"cyclic nucleotide metabolic process",3,242
"346","GO:0009295",1,NA,1,NA,NA,NA,NA,NA,NA,NA,NA,"GO:0005575",NA,NA,NA,NA,NA,NA,NA,NA,NA,NA,NA,NA,NA,"nucleoid",NA,44
"347","GO:0009299",NA,1,1,NA,NA,"GO:0008152",NA,NA,NA,"GO:0006351","GO:0006351",NA,NA,NA,NA,NA,NA,NA,NA,NA,NA,NA,NA,NA,NA,"mRNA transcription",5,20
"348","GO:0009566",NA,1,1,NA,NA,"GO:0000003",NA,NA,NA,NA,NA,NA,NA,NA,NA,NA,NA,NA,NA,NA,NA,NA,NA,NA,NA,"fertilization",37,190
"349","GO:0009605",NA,1,1,NA,NA,"GO:0050896",NA,NA,NA,NA,NA,NA,NA,NA,NA,NA,NA,NA,NA,NA,NA,NA,NA,NA,NA,"response to external stimulus",4,2699
"350","GO:0009607",NA,1,1,NA,NA,"GO:0050896",NA,NA,NA,NA,NA,NA,NA,NA,NA,NA,NA,NA,NA,NA,NA,NA,NA,NA,NA,"response to biotic stimulus",11,1037
"351","GO:0009628",NA,1,1,NA,NA,"GO:0050896",NA,NA,NA,NA,NA,NA,NA,NA,NA,NA,NA,NA,NA,NA,NA,NA,NA,NA,NA,"response to abiotic stimulus",2,1274
"352","GO:0009636",NA,1,1,NA,NA,"GO:0050896",NA,NA,NA,NA,NA,NA,NA,NA,NA,NA,NA,NA,NA,NA,NA,NA,NA,NA,NA,"response to toxic substance",82,208
"353","GO:0009653",NA,1,1,NA,NA,"GO:0032502",NA,NA,NA,NA,NA,NA,NA,NA,NA,NA,NA,NA,NA,NA,NA,NA,NA,NA,NA,"anatomical structure morphogenesis",90,3420
"354","GO:0009719",NA,1,1,NA,NA,"GO:0050896",NA,NA,NA,NA,NA,NA,NA,NA,NA,NA,NA,NA,NA,NA,NA,NA,NA,NA,NA,"response to endogenous stimulus",NA,1956
"355","GO:0009790",NA,1,1,NA,NA,"GO:0032502",NA,NA,NA,NA,NA,NA,NA,NA,NA,NA,NA,NA,NA,NA,NA,NA,NA,NA,NA,"embryo development",38,1096
"356","GO:0009948",NA,1,1,NA,NA,"GO:0032502",NA,NA,"GO:0007389",NA,NA,NA,NA,NA,NA,NA,NA,NA,NA,NA,NA,NA,NA,NA,NA,"anterior/posterior axis specification",17,50
"357","GO:0009950",NA,1,1,NA,NA,"GO:0032502",NA,NA,"GO:0007389",NA,NA,NA,NA,NA,NA,NA,NA,NA,NA,NA,NA,NA,NA,NA,NA,"dorsal/ventral axis specification",12,21
"358","GO:0009987",NA,1,1,NA,"GO:0008150",NA,NA,NA,NA,NA,NA,NA,NA,NA,NA,NA,NA,NA,NA,NA,NA,NA,NA,NA,NA,"cellular process",5,34763
"359","GO:0015031",NA,1,1,NA,NA,"GO:0051179",NA,"GO:0006810",NA,NA,NA,NA,NA,NA,NA,NA,NA,NA,NA,NA,NA,NA,NA,NA,NA,"protein transport",364,2084
"360","GO:0015078",1,1,NA,NA,NA,NA,NA,NA,NA,NA,NA,NA,NA,NA,NA,NA,NA,NA,NA,"GO:0005215",NA,NA,NA,NA,NA,"hydrogen ion transmembrane transporter activity",14,128
"361","GO:0015144",1,1,NA,NA,NA,NA,NA,NA,NA,NA,NA,NA,NA,NA,NA,NA,NA,NA,NA,"GO:0005215",NA,NA,NA,NA,NA,"carbohydrate transmembrane transporter activity",NA,65
"362","GO:0015171",1,1,NA,NA,NA,NA,NA,NA,NA,NA,NA,NA,NA,NA,NA,NA,NA,NA,NA,"GO:0005215",NA,NA,NA,NA,NA,"amino acid transmembrane transporter activity",49,131
"363","GO:0015276",1,1,NA,NA,NA,NA,NA,NA,NA,NA,NA,NA,NA,NA,NA,NA,NA,NA,NA,"GO:0005215","GO:0004872",NA,NA,NA,NA,"ligand-gated ion channel activity",34,231
"364","GO:0015459",1,1,NA,NA,NA,NA,NA,NA,NA,NA,NA,NA,NA,NA,NA,NA,NA,NA,NA,NA,"GO:0016247",NA,NA,NA,NA,"potassium channel regulator activity",40,47
"365","GO:0015464",1,1,NA,NA,NA,NA,NA,NA,NA,NA,NA,NA,NA,NA,NA,NA,NA,NA,NA,"GO:0004871","GO:0004872",NA,NA,NA,NA,"acetylcholine receptor activity",16,24
"366","GO:0015629",1,NA,1,NA,NA,NA,NA,NA,NA,NA,NA,NA,"GO:0044464","GO:0005622",NA,NA,NA,"GO:0005856",NA,NA,NA,NA,NA,NA,NA,"actin cytoskeleton",222,546
"367","GO:0015925",1,1,NA,NA,NA,NA,NA,NA,NA,NA,NA,NA,NA,NA,NA,NA,NA,NA,NA,"GO:0003824","GO:0016787",NA,"GO:0004553",NA,NA,"galactosidase activity",NA,12
"368","GO:0015926",1,1,NA,NA,NA,NA,NA,NA,NA,NA,NA,NA,NA,NA,NA,NA,NA,NA,NA,"GO:0003824","GO:0016787",NA,"GO:0004553",NA,NA,"glucosidase activity",1,20
"369","GO:0015931",NA,1,1,NA,NA,"GO:0051179",NA,"GO:0006810",NA,NA,NA,NA,NA,NA,NA,NA,NA,NA,NA,NA,NA,NA,NA,NA,NA,"nucleobase-containing compound transport",1,272
"370","GO:0016020",1,NA,1,NA,NA,NA,NA,NA,NA,NA,NA,"GO:0005575",NA,NA,NA,NA,NA,NA,NA,NA,NA,NA,NA,NA,NA,"membrane",1920,15117
"371","GO:0016021",1,NA,1,NA,NA,NA,NA,NA,NA,NA,NA,NA,"GO:0016020",NA,NA,NA,NA,NA,NA,NA,NA,NA,NA,NA,NA,"integral component of membrane",3659,5801
"372","GO:0016023",1,NA,1,NA,NA,NA,NA,NA,NA,NA,NA,NA,"GO:0043226","GO:0044464","GO:0005622",NA,"GO:0005737",NA,NA,NA,NA,NA,NA,NA,NA,"cytoplasmic, membrane-bounded vesicle",134,1456
"373","GO:0016032",NA,1,1,NA,NA,"GO:0009987",NA,NA,NA,NA,NA,NA,NA,NA,NA,NA,NA,NA,NA,NA,NA,NA,NA,NA,NA,"viral process",292,1136
"374","GO:0016043",NA,1,1,NA,NA,"GO:0071840",NA,NA,NA,NA,NA,NA,NA,NA,NA,NA,NA,NA,NA,NA,NA,NA,NA,NA,NA,"cellular component organization",NA,9058
"375","GO:0016049",NA,1,1,NA,NA,"GO:0040007",NA,NA,NA,NA,NA,NA,NA,NA,NA,NA,NA,NA,NA,NA,NA,NA,NA,NA,NA,"cell growth",55,527
"376","GO:0016070",NA,1,1,NA,NA,"GO:0008152",NA,NA,NA,NA,NA,NA,NA,NA,NA,NA,NA,NA,NA,NA,NA,NA,NA,NA,NA,"RNA metabolic process",8,8045
"377","GO:0016072",NA,1,1,NA,NA,"GO:0008152",NA,NA,NA,"GO:0016070",NA,NA,NA,NA,NA,NA,NA,NA,NA,NA,NA,NA,NA,NA,NA,"rRNA metabolic process",1,382
"378","GO:0016079",NA,1,1,NA,NA,"GO:0051179",NA,NA,NA,"GO:0007269","GO:0007269",NA,NA,NA,NA,NA,NA,NA,NA,NA,NA,NA,NA,NA,NA,"synaptic vesicle exocytosis",17,94
"379","GO:0016160",1,1,NA,NA,NA,NA,NA,NA,NA,NA,NA,NA,NA,NA,NA,NA,NA,NA,NA,"GO:0003824","GO:0016787",NA,"GO:0004553",NA,NA,"amylase activity",1,7
"380","GO:0016192",NA,1,1,NA,NA,"GO:0051179",NA,"GO:0006810",NA,NA,NA,NA,NA,NA,NA,NA,NA,NA,NA,NA,NA,NA,NA,NA,NA,"vesicle-mediated transport",98,1934
"381","GO:0016209",1,1,NA,NA,NA,NA,NA,NA,NA,NA,NA,NA,NA,NA,NA,NA,NA,NA,"GO:0003674",NA,NA,NA,NA,NA,NA,"antioxidant activity",18,100
"382","GO:0016247",1,1,NA,NA,NA,NA,NA,NA,NA,NA,NA,NA,NA,NA,NA,NA,NA,NA,NA,NA,NA,NA,NA,NA,NA,"channel regulator activity",8,145
"383","GO:0016298",1,1,NA,NA,NA,NA,NA,NA,NA,NA,NA,NA,NA,NA,NA,NA,NA,NA,NA,"GO:0003824","GO:0016787","GO:0016788",NA,NA,NA,"lipase activity",4,180
"384","GO:0016301",1,1,NA,NA,NA,NA,NA,NA,NA,NA,NA,NA,NA,NA,NA,NA,NA,NA,NA,"GO:0003824","GO:0016740",NA,NA,NA,NA,"kinase activity",82,1526
"385","GO:0016337",NA,1,1,NA,NA,"GO:0022610","GO:0007155",NA,NA,NA,NA,NA,NA,NA,NA,NA,NA,NA,NA,NA,NA,NA,NA,NA,NA,"single organismal cell-cell adhesion",97,892
"386","GO:0016407",1,1,NA,NA,NA,NA,NA,NA,NA,NA,NA,NA,NA,NA,NA,NA,NA,NA,NA,"GO:0003824","GO:0016740","GO:0016746",NA,NA,NA,"acetyltransferase activity",15,139
"387","GO:0016462",1,1,NA,NA,NA,NA,NA,NA,NA,NA,NA,NA,NA,NA,NA,NA,NA,NA,NA,"GO:0003824","GO:0016787",NA,NA,NA,NA,"pyrophosphatase activity",5,1062
"388","GO:0016491",1,1,NA,NA,NA,NA,NA,NA,NA,NA,NA,NA,NA,NA,NA,NA,NA,NA,NA,"GO:0003824",NA,NA,NA,NA,NA,"oxidoreductase activity",92,1263
"389","GO:0016740",1,1,NA,NA,NA,NA,NA,NA,NA,NA,NA,NA,NA,NA,NA,NA,NA,NA,NA,"GO:0003824",NA,NA,NA,NA,NA,"transferase activity",23,3892
"390","GO:0016746",1,1,NA,NA,NA,NA,NA,NA,NA,NA,NA,NA,NA,NA,NA,NA,NA,NA,NA,"GO:0003824","GO:0016740",NA,NA,NA,NA,"transferase activity, transferring acyl groups",16,399
"391","GO:0016757",1,1,NA,NA,NA,NA,NA,NA,NA,NA,NA,NA,NA,NA,NA,NA,NA,NA,NA,"GO:0003824","GO:0016740",NA,NA,NA,NA,"transferase activity, transferring glycosyl groups",11,443
"392","GO:0016779",1,1,NA,NA,NA,NA,NA,NA,NA,NA,NA,NA,NA,NA,NA,NA,NA,NA,NA,"GO:0003824","GO:0016740",NA,NA,NA,NA,"nucleotidyltransferase activity",12,180
"393","GO:0016787",1,1,NA,NA,NA,NA,NA,NA,NA,NA,NA,NA,NA,NA,NA,NA,NA,NA,NA,"GO:0003824",NA,NA,NA,NA,NA,"hydrolase activity",87,3710
"394","GO:0016788",1,1,NA,NA,NA,NA,NA,NA,NA,NA,NA,NA,NA,NA,NA,NA,NA,NA,NA,"GO:0003824","GO:0016787",NA,NA,NA,NA,"hydrolase activity, acting on ester bonds",10,1162
"395","GO:0016791",1,1,NA,NA,NA,NA,NA,NA,NA,NA,NA,NA,NA,NA,NA,NA,NA,NA,NA,"GO:0003824","GO:0016787","GO:0016788",NA,NA,NA,"phosphatase activity",32,468
"396","GO:0016799",1,1,NA,NA,NA,NA,NA,NA,NA,NA,NA,NA,NA,NA,NA,NA,NA,NA,NA,"GO:0003824","GO:0016787",NA,NA,NA,NA,"hydrolase activity, hydrolyzing N-glycosyl compounds",2,36
"397","GO:0016829",1,1,NA,NA,NA,NA,NA,NA,NA,NA,NA,NA,NA,NA,NA,NA,NA,NA,NA,"GO:0003824",NA,NA,NA,NA,NA,"lyase activity",14,243
"398","GO:0016831",1,1,NA,NA,NA,NA,NA,NA,NA,NA,NA,NA,NA,NA,NA,NA,NA,NA,NA,"GO:0003824","GO:0016829",NA,NA,NA,NA,"carboxy-lyase activity",9,51
"399","GO:0016832",1,1,NA,NA,NA,NA,NA,NA,NA,NA,NA,NA,NA,NA,NA,NA,NA,NA,NA,"GO:0003824","GO:0016829",NA,NA,NA,NA,"aldehyde-lyase activity",NA,16
"400","GO:0016836",1,1,NA,NA,NA,NA,NA,NA,NA,NA,NA,NA,NA,NA,NA,NA,NA,NA,NA,"GO:0003824","GO:0016829",NA,NA,NA,NA,"hydro-lyase activity",2,70
"401","GO:0016853",1,1,NA,NA,NA,NA,NA,NA,NA,NA,NA,NA,NA,NA,NA,NA,NA,NA,NA,"GO:0003824",NA,NA,NA,NA,NA,"isomerase activity",7,219
"402","GO:0016854",1,1,NA,NA,NA,NA,NA,NA,NA,NA,NA,NA,NA,NA,NA,NA,NA,NA,NA,"GO:0003824","GO:0016853",NA,NA,NA,NA,"racemase and epimerase activity",1,29
"403","GO:0016866",1,1,NA,NA,NA,NA,NA,NA,NA,NA,NA,NA,NA,NA,NA,NA,NA,NA,NA,"GO:0003824","GO:0016853",NA,NA,NA,NA,"intramolecular transferase activity",1,48
"404","GO:0016874",1,1,NA,NA,NA,NA,NA,NA,NA,NA,NA,NA,NA,NA,NA,NA,NA,NA,NA,"GO:0003824",NA,NA,NA,NA,NA,"ligase activity",227,475
"405","GO:0016917",1,1,NA,NA,NA,NA,NA,NA,NA,NA,NA,NA,NA,NA,NA,NA,NA,NA,NA,"GO:0004871","GO:0004872",NA,NA,NA,NA,"GABA receptor activity",1,31
"406","GO:0017080",1,1,NA,NA,NA,NA,NA,NA,NA,NA,NA,NA,NA,NA,NA,NA,NA,NA,NA,NA,"GO:0016247",NA,NA,NA,NA,"sodium channel regulator activity",35,39
"407","GO:0017081",1,1,NA,NA,NA,NA,NA,NA,NA,NA,NA,NA,NA,NA,NA,NA,NA,NA,NA,NA,"GO:0016247",NA,NA,NA,NA,"chloride channel regulator activity",9,18
"408","GO:0019104",1,1,NA,NA,NA,NA,NA,NA,NA,NA,NA,NA,NA,NA,NA,NA,NA,NA,NA,"GO:0003824","GO:0016787",NA,"GO:0016799",NA,NA,"DNA N-glycosylase activity",11,25
"409","GO:0019199",1,1,NA,NA,NA,NA,NA,NA,NA,NA,NA,NA,NA,NA,NA,NA,NA,NA,NA,"GO:0003824","GO:0004872",NA,NA,"GO:0004672",NA,"transmembrane receptor protein kinase activity",NA,121
"410","GO:0019200",1,1,NA,NA,NA,NA,NA,NA,NA,NA,NA,NA,NA,NA,NA,NA,NA,NA,NA,"GO:0003824","GO:0016740",NA,"GO:0016301",NA,NA,"carbohydrate kinase activity",1,42
"411","GO:0019201",1,1,NA,NA,NA,NA,NA,NA,NA,NA,NA,NA,NA,NA,NA,NA,NA,NA,NA,"GO:0003824","GO:0016740",NA,"GO:0016301",NA,NA,"nucleotide kinase activity",1,27
"412","GO:0019202",1,1,NA,NA,NA,NA,NA,NA,NA,NA,NA,NA,NA,NA,NA,NA,NA,NA,NA,"GO:0003824","GO:0016740",NA,"GO:0016301",NA,NA,"amino acid kinase activity",NA,2
"413","GO:0019203",1,1,NA,NA,NA,NA,NA,NA,NA,NA,NA,NA,NA,NA,NA,NA,NA,NA,NA,"GO:0003824","GO:0016787","GO:0016788",NA,"GO:0016791",NA,"carbohydrate phosphatase activity",NA,18
"414","GO:0019207",1,1,NA,NA,NA,NA,NA,NA,NA,NA,NA,NA,NA,NA,NA,NA,NA,NA,NA,NA,"GO:0030234",NA,NA,NA,NA,"kinase regulator activity",2,204
"415","GO:0019208",1,1,NA,NA,NA,NA,NA,NA,NA,NA,NA,NA,NA,NA,NA,NA,NA,NA,NA,NA,"GO:0030234",NA,NA,NA,NA,"phosphatase regulator activity",8,98
"416","GO:0019209",1,1,NA,NA,NA,NA,NA,NA,NA,NA,NA,NA,NA,NA,NA,NA,NA,NA,NA,NA,"GO:0030234","GO:0019207",NA,NA,NA,"kinase activator activity",7,69
"417","GO:0019210",1,1,NA,NA,NA,NA,NA,NA,NA,NA,NA,NA,NA,NA,NA,NA,NA,NA,NA,NA,"GO:0030234","GO:0019207",NA,NA,NA,"kinase inhibitor activity",4,93
"418","GO:0019211",1,1,NA,NA,NA,NA,NA,NA,NA,NA,NA,NA,NA,NA,NA,NA,NA,NA,NA,NA,"GO:0030234","GO:0019208",NA,NA,NA,"phosphatase activator activity",3,11
"419","GO:0019212",1,1,NA,NA,NA,NA,NA,NA,NA,NA,NA,NA,NA,NA,NA,NA,NA,NA,NA,NA,"GO:0030234","GO:0019208",NA,NA,NA,"phosphatase inhibitor activity",6,45
"420","GO:0019213",1,1,NA,NA,NA,NA,NA,NA,NA,NA,NA,NA,NA,NA,NA,NA,NA,NA,NA,"GO:0003824","GO:0016787",NA,NA,NA,NA,"deacetylase activity",9,89
"421","GO:0019215",1,1,NA,NA,NA,NA,NA,NA,NA,NA,NA,NA,NA,NA,NA,NA,NA,NA,NA,"GO:0005488",NA,NA,NA,NA,NA,"intermediate filament binding",9,14
"422","GO:0019219",NA,1,1,NA,NA,"GO:0008152",NA,NA,"GO:0006139",NA,NA,NA,NA,NA,NA,NA,NA,NA,NA,NA,NA,NA,NA,NA,NA,"regulation of nucleobase-containing compound metabolic process",NA,5599
"423","GO:0019220",NA,1,1,NA,NA,"GO:0009987",NA,NA,"GO:0006796",NA,NA,NA,NA,NA,NA,NA,NA,NA,NA,NA,NA,NA,NA,NA,NA,"regulation of phosphate metabolic process",NA,2100
"424","GO:0019221",NA,1,1,NA,NA,"GO:0050896",NA,NA,NA,NA,NA,NA,NA,NA,NA,NA,NA,NA,NA,NA,NA,NA,NA,NA,NA,"cytokine-mediated signaling pathway",128,628
"425","GO:0019227",NA,1,1,NA,NA,"GO:0009987",NA,"GO:0007154",NA,NA,NA,NA,NA,NA,NA,NA,NA,NA,NA,NA,NA,NA,NA,NA,NA,"neuronal action potential propagation",7,7
"426","GO:0019229",NA,1,1,NA,NA,"GO:0032501","GO:0003008",NA,"GO:0008015",NA,NA,NA,NA,NA,NA,NA,NA,NA,NA,NA,NA,NA,NA,NA,NA,"regulation of vasoconstriction",20,62
"427","GO:0019233",NA,1,1,NA,NA,"GO:0032501","GO:0003008","GO:0050877","GO:0007600",NA,NA,NA,NA,NA,NA,NA,NA,NA,NA,NA,NA,NA,NA,NA,NA,"sensory perception of pain",55,99
"428","GO:0019236",NA,1,1,NA,NA,"GO:0050896",NA,NA,NA,NA,NA,NA,NA,NA,NA,NA,NA,NA,NA,NA,NA,NA,NA,NA,NA,"response to pheromone",8,9
"429","GO:0019237",1,1,NA,NA,NA,NA,NA,NA,NA,NA,NA,NA,NA,NA,NA,NA,NA,NA,NA,"GO:0005488",NA,"GO:0003676","GO:0003677",NA,NA,"centromeric DNA binding",7,7
"430","GO:0019239",1,1,NA,NA,NA,NA,NA,NA,NA,NA,NA,NA,NA,NA,NA,NA,NA,NA,NA,"GO:0003824",NA,NA,NA,NA,NA,"deaminase activity",5,49
"431","GO:0019538",NA,1,1,NA,NA,"GO:0008152","GO:0044238",NA,NA,NA,NA,NA,NA,NA,NA,NA,NA,NA,NA,NA,NA,NA,NA,NA,NA,"protein metabolic process",4,8427
"432","GO:0019722",NA,1,1,NA,NA,"GO:0009987",NA,"GO:0007154","GO:0007165","GO:0035556",NA,NA,NA,NA,NA,NA,NA,NA,NA,NA,NA,NA,NA,NA,NA,"calcium-mediated signaling",45,181
"433","GO:0019724",NA,1,1,NA,NA,"GO:0050896","GO:0006955",NA,NA,NA,NA,NA,NA,NA,NA,NA,NA,NA,NA,NA,NA,NA,NA,NA,NA,"B cell mediated immunity",3,153
"434","GO:0019740",NA,1,1,NA,NA,NA,NA,NA,NA,NA,NA,NA,NA,NA,NA,NA,NA,NA,NA,NA,NA,NA,NA,NA,NA,"nitrogen utilization",5,10
"435","GO:0019748",NA,1,1,NA,NA,"GO:0008152",NA,NA,NA,NA,NA,NA,NA,NA,NA,NA,NA,NA,NA,NA,NA,NA,NA,NA,NA,"secondary metabolic process",NA,62
"436","GO:0019763",1,1,NA,NA,NA,NA,NA,NA,NA,NA,NA,NA,NA,NA,NA,NA,NA,NA,NA,"GO:0004871","GO:0004872",NA,NA,NA,NA,"immunoglobulin receptor activity",1,5
"437","GO:0019814",1,NA,1,NA,NA,NA,NA,NA,NA,NA,NA,NA,"GO:0032991","GO:0043234",NA,NA,NA,NA,NA,NA,NA,NA,NA,NA,NA,"immunoglobulin complex",NA,28
"438","GO:0019825",1,1,NA,NA,NA,NA,NA,NA,NA,NA,NA,NA,NA,NA,NA,NA,NA,NA,NA,"GO:0005488",NA,NA,NA,NA,NA,"oxygen binding",44,47
"439","GO:0019882",NA,1,1,NA,NA,"GO:0002376",NA,NA,NA,NA,NA,NA,NA,NA,NA,NA,NA,NA,NA,NA,NA,NA,NA,NA,NA,"antigen processing and presentation",36,258
"440","GO:0019911",1,1,NA,NA,NA,NA,NA,NA,NA,NA,NA,NA,NA,NA,NA,NA,NA,NA,NA,"GO:0005198",NA,NA,NA,NA,NA,"structural constituent of myelin sheath",5,5
"441","GO:0022602",NA,1,1,NA,NA,"GO:0032501",NA,NA,NA,NA,NA,NA,NA,NA,NA,NA,NA,NA,NA,NA,NA,NA,NA,NA,NA,"ovulation cycle process",4,86
"442","GO:0022610",NA,1,1,NA,"GO:0008150",NA,NA,NA,NA,NA,NA,NA,NA,NA,NA,NA,NA,NA,NA,NA,NA,NA,NA,NA,NA,"biological adhesion",NA,2166
"443","GO:0022857",1,1,NA,NA,NA,NA,NA,NA,NA,NA,NA,NA,NA,NA,NA,NA,NA,NA,NA,"GO:0005215",NA,NA,NA,NA,NA,"transmembrane transporter activity",24,1796
"444","GO:0022904",NA,1,1,NA,NA,"GO:0008152",NA,NA,NA,NA,NA,NA,NA,NA,NA,NA,NA,NA,NA,NA,NA,NA,NA,NA,NA,"respiratory electron transport chain",13,143
"445","GO:0030054",1,NA,1,NA,NA,NA,NA,NA,NA,NA,NA,"GO:0005575",NA,NA,NA,NA,NA,NA,NA,NA,NA,NA,NA,NA,NA,"cell junction",453,1489
"446","GO:0030097",NA,1,1,NA,NA,"GO:0032502",NA,NA,"GO:0048731",NA,NA,NA,NA,NA,NA,NA,NA,NA,NA,NA,NA,NA,NA,NA,NA,"hemopoiesis",53,872
"447","GO:0030101",NA,1,1,NA,NA,"GO:0002376",NA,NA,NA,NA,NA,NA,NA,NA,NA,NA,NA,NA,NA,NA,NA,NA,NA,NA,NA,"natural killer cell activation",19,83
"448","GO:0030120",1,NA,1,NA,NA,NA,NA,NA,NA,NA,NA,NA,"GO:0044464",NA,"GO:0005737","GO:0016023",NA,NA,NA,NA,NA,NA,NA,NA,NA,"vesicle coat",2,54
"449","GO:0030154",NA,1,1,NA,NA,"GO:0009987",NA,NA,NA,NA,NA,NA,NA,NA,NA,NA,NA,NA,NA,NA,NA,NA,NA,NA,NA,"cell differentiation",440,4797
"450","GO:0030234",1,1,NA,NA,NA,NA,NA,NA,NA,NA,NA,NA,NA,NA,NA,NA,NA,NA,NA,NA,NA,NA,NA,NA,NA,"enzyme regulator activity",16,1138
"451","GO:0030246",1,1,NA,NA,NA,NA,NA,NA,NA,NA,NA,NA,NA,NA,NA,NA,NA,NA,NA,"GO:0005488",NA,NA,NA,NA,NA,"carbohydrate binding",180,262
"452","GO:0030312",1,NA,1,NA,NA,NA,NA,NA,NA,NA,NA,NA,"GO:0044464","GO:0044464",NA,NA,NA,NA,NA,NA,NA,NA,NA,NA,NA,"external encapsulating structure",NA,10
"453","GO:0030313",1,NA,1,NA,NA,NA,NA,NA,NA,NA,NA,NA,"GO:0044464","GO:0044464",NA,NA,NA,NA,NA,NA,NA,NA,NA,NA,NA,"cell envelope",1,8
"454","GO:0030337",1,1,NA,NA,NA,NA,NA,NA,NA,NA,NA,NA,NA,NA,NA,NA,NA,NA,NA,NA,"GO:0030234",NA,NA,NA,NA,"DNA polymerase processivity factor activity",2,2
"455","GO:0030380",1,1,NA,NA,NA,NA,NA,NA,NA,NA,NA,NA,NA,NA,NA,NA,NA,NA,NA,"GO:0005488","GO:0005515","GO:0005102","GO:0005126",NA,NA,"interleukin-17E receptor binding",1,1
"456","GO:0030414",1,1,NA,NA,NA,NA,NA,NA,NA,NA,NA,NA,NA,NA,NA,NA,NA,NA,NA,NA,"GO:0030234",NA,NA,NA,NA,"peptidase inhibitor activity",11,219
"457","GO:0030424",1,NA,1,NA,NA,NA,NA,NA,NA,NA,NA,NA,"GO:0044464","GO:0044464",NA,"GO:0043005",NA,NA,NA,NA,NA,NA,NA,NA,NA,"axon",217,431
"458","GO:0030425",1,NA,1,NA,NA,NA,NA,NA,NA,NA,NA,NA,"GO:0044464","GO:0044464",NA,NA,NA,NA,NA,NA,NA,NA,NA,NA,NA,"dendrite",329,472
"459","GO:0030529",1,NA,1,NA,NA,NA,NA,NA,NA,NA,NA,NA,"GO:0032991",NA,"GO:0005622",NA,NA,NA,NA,NA,NA,NA,NA,NA,NA,"intracellular ribonucleoprotein complex",116,964
"460","GO:0030545",1,1,NA,NA,NA,NA,NA,NA,NA,NA,NA,NA,NA,NA,NA,NA,NA,NA,NA,NA,NA,NA,NA,NA,NA,"receptor regulator activity",NA,50
"461","GO:0030546",1,1,NA,NA,NA,NA,NA,NA,NA,NA,NA,NA,NA,NA,NA,NA,NA,NA,NA,NA,"GO:0030545",NA,NA,NA,NA,"receptor activator activity",4,34
"462","GO:0030547",1,1,NA,NA,NA,NA,NA,NA,NA,NA,NA,NA,NA,NA,NA,NA,NA,NA,NA,NA,"GO:0030545",NA,NA,NA,NA,"receptor inhibitor activity",1,15
"463","GO:0030879",NA,1,1,NA,NA,"GO:0032502",NA,NA,"GO:0048731",NA,NA,NA,NA,NA,NA,NA,NA,NA,NA,NA,NA,NA,NA,NA,NA,"mammary gland development",21,135
"464","GO:0031012",1,NA,1,NA,NA,NA,NA,NA,NA,NA,NA,NA,"GO:0005576",NA,NA,NA,NA,NA,NA,NA,NA,NA,NA,NA,NA,"extracellular matrix",314,687
"465","GO:0031124",NA,1,1,NA,NA,"GO:0008152",NA,NA,NA,NA,NA,NA,NA,NA,NA,NA,NA,NA,NA,NA,NA,NA,NA,NA,NA,"mRNA 3'-end processing",48,100
"466","GO:0031201",1,NA,1,NA,NA,NA,NA,NA,NA,NA,NA,NA,"GO:0016020",NA,NA,NA,"GO:0005737",NA,NA,NA,NA,NA,NA,NA,NA,"SNARE complex",60,68
"467","GO:0031386",1,1,NA,NA,NA,NA,NA,NA,NA,NA,NA,NA,NA,NA,NA,NA,NA,NA,"GO:0003674",NA,NA,NA,NA,NA,NA,"protein tag",8,8
"468","GO:0031497",NA,1,1,NA,NA,"GO:0071840","GO:0016043","GO:0006996",NA,NA,NA,NA,NA,NA,NA,NA,NA,NA,NA,NA,NA,NA,NA,NA,NA,"chromatin assembly",7,228
"469","GO:0031594",1,NA,1,NA,NA,NA,NA,NA,NA,NA,NA,NA,"GO:0045202",NA,NA,NA,NA,NA,NA,NA,NA,NA,NA,NA,NA,"neuromuscular junction",55,55
"470","GO:0032393",1,1,NA,NA,NA,NA,NA,NA,NA,NA,NA,NA,NA,NA,NA,NA,NA,NA,NA,"GO:0004871","GO:0004872",NA,NA,NA,NA,"MHC class I receptor activity",5,10
"471","GO:0032394",1,1,NA,NA,NA,NA,NA,NA,NA,NA,NA,NA,NA,NA,NA,NA,NA,NA,NA,"GO:0004871","GO:0004872",NA,NA,NA,NA,"MHC class Ib receptor activity",2,2
"472","GO:0032395",1,1,NA,NA,NA,NA,NA,NA,NA,NA,NA,NA,NA,NA,NA,NA,NA,NA,NA,"GO:0004871","GO:0004872",NA,NA,NA,NA,"MHC class II receptor activity",11,11
"473","GO:0032501",NA,1,1,NA,"GO:0008150",NA,NA,NA,NA,NA,NA,NA,NA,NA,NA,NA,NA,NA,NA,NA,NA,NA,NA,NA,NA,"multicellular organismal process",NA,10947
"474","GO:0032502",NA,1,1,NA,"GO:0008150",NA,NA,NA,NA,NA,NA,NA,NA,NA,NA,NA,NA,NA,NA,NA,NA,NA,NA,NA,NA,"developmental process",17,8839
"475","GO:0032543",NA,1,1,NA,NA,"GO:0071840","GO:0016043","GO:0006996","GO:0007005","GO:0006412","GO:0006412",NA,NA,NA,NA,NA,NA,NA,NA,NA,NA,NA,NA,NA,NA,"mitochondrial translation",35,151
"476","GO:0032791",1,1,NA,NA,NA,NA,NA,NA,NA,NA,NA,NA,NA,NA,NA,NA,NA,NA,NA,"GO:0005488",NA,NA,NA,NA,NA,"lead ion binding",1,1
"477","GO:0032989",NA,1,1,NA,NA,"GO:0009987",NA,NA,NA,NA,NA,NA,NA,NA,NA,NA,NA,NA,NA,NA,NA,NA,NA,NA,NA,"cellular component morphogenesis",NA,1406
"478","GO:0032991",1,NA,1,NA,NA,NA,NA,NA,NA,NA,NA,"GO:0005575",NA,NA,NA,NA,NA,NA,NA,NA,NA,NA,NA,NA,NA,"macromolecular complex",3,6229
"479","GO:0032993",1,NA,1,NA,NA,NA,NA,NA,NA,NA,NA,NA,"GO:0032991",NA,NA,NA,NA,NA,NA,NA,NA,NA,NA,NA,NA,"protein-DNA complex",24,228
"480","GO:0034341",NA,1,1,NA,NA,"GO:0050896","GO:0006955",NA,NA,NA,NA,NA,NA,NA,NA,NA,NA,NA,NA,NA,NA,NA,NA,NA,NA,"response to interferon-gamma",24,172
"481","GO:0035556",NA,1,1,NA,NA,"GO:0050896",NA,"GO:0007165","GO:0007165",NA,NA,NA,NA,NA,NA,NA,NA,NA,NA,NA,NA,NA,NA,NA,NA,"intracellular signal transduction",360,3614
"482","GO:0040007",NA,1,1,NA,"GO:0008150",NA,NA,NA,NA,NA,NA,NA,NA,NA,NA,NA,NA,NA,NA,NA,NA,NA,NA,NA,NA,"growth",27,1023
"483","GO:0040011",NA,1,1,NA,"GO:0008150",NA,NA,NA,NA,NA,NA,NA,NA,NA,NA,NA,NA,NA,NA,NA,NA,NA,NA,NA,NA,"locomotion",8,2035
"484","GO:0040029",NA,1,1,NA,NA,"GO:0008152",NA,NA,NA,NA,NA,NA,NA,NA,NA,NA,NA,NA,NA,NA,NA,NA,NA,NA,NA,"regulation of gene expression, epigenetic",13,308
"485","GO:0042116",NA,1,1,NA,NA,"GO:0002376",NA,NA,NA,NA,NA,NA,NA,NA,NA,NA,NA,NA,NA,NA,NA,NA,NA,NA,NA,"macrophage activation",10,60
"486","GO:0042175",1,NA,1,NA,NA,NA,NA,NA,NA,NA,NA,NA,"GO:0016020","GO:0044464",NA,NA,NA,NA,NA,NA,NA,NA,NA,NA,NA,"nuclear outer membrane-endoplasmic reticulum membrane network",2,1190
"487","GO:0042558",NA,1,1,NA,NA,"GO:0008152",NA,NA,NA,NA,NA,NA,NA,NA,NA,NA,NA,NA,NA,NA,NA,NA,NA,NA,NA,"pteridine-containing compound metabolic process",1,69
"488","GO:0042592",NA,1,1,NA,NA,"GO:0065007",NA,NA,NA,NA,NA,NA,NA,NA,NA,NA,NA,NA,NA,NA,NA,NA,NA,NA,NA,"homeostatic process",11,2005
"489","GO:0042611",1,NA,1,NA,NA,NA,NA,NA,NA,NA,NA,NA,"GO:0016020","GO:0044464",NA,"GO:0005886",NA,NA,NA,NA,NA,NA,NA,NA,NA,"MHC protein complex",NA,25
"490","GO:0042626",1,1,NA,NA,NA,NA,NA,NA,NA,NA,NA,NA,NA,NA,NA,NA,NA,NA,NA,"GO:0005215","GO:0022857",NA,NA,NA,NA,"ATPase activity, coupled to transmembrane movement of substances",36,147
"491","GO:0042734",1,NA,1,NA,NA,NA,NA,NA,NA,NA,NA,NA,"GO:0045202",NA,NA,NA,NA,NA,NA,NA,NA,NA,NA,NA,NA,"presynaptic membrane",60,61
"492","GO:0042742",NA,1,1,NA,NA,"GO:0050896","GO:0009607",NA,NA,NA,NA,NA,NA,NA,NA,NA,NA,NA,NA,NA,NA,NA,NA,NA,NA,"defense response to bacterium",134,268
"493","GO:0042995",1,NA,1,NA,NA,NA,NA,NA,NA,NA,NA,NA,"GO:0044464","GO:0044464",NA,NA,NA,NA,NA,NA,NA,NA,NA,NA,NA,"cell projection",68,2215
"494","GO:0043005",1,NA,1,NA,NA,NA,NA,NA,NA,NA,NA,NA,"GO:0044464","GO:0044464",NA,NA,NA,NA,NA,NA,NA,NA,NA,NA,NA,"neuron projection",232,1048
"495","GO:0043025",1,NA,1,NA,NA,NA,NA,NA,NA,NA,NA,NA,"GO:0044464","GO:0044464",NA,NA,NA,NA,NA,NA,NA,NA,NA,NA,NA,"neuronal cell body",302,421
"496","GO:0043066",NA,1,1,NA,NA,"GO:0009987",NA,"GO:0008219",NA,"GO:0006915",NA,NA,NA,NA,NA,NA,NA,NA,NA,NA,NA,NA,NA,NA,NA,"negative regulation of apoptotic process",458,949
"497","GO:0043226",1,NA,1,NA,NA,NA,NA,NA,NA,NA,NA,"GO:0005575",NA,NA,NA,NA,NA,NA,NA,NA,NA,NA,NA,NA,NA,"organelle",NA,21905
"498","GO:0043234",1,NA,1,NA,NA,NA,NA,NA,NA,NA,NA,NA,"GO:0032991",NA,NA,NA,NA,NA,NA,NA,NA,NA,NA,NA,NA,"protein complex",364,5046
"499","GO:0043574",NA,1,1,NA,NA,"GO:0051179",NA,"GO:0006810",NA,NA,NA,NA,NA,NA,NA,NA,NA,NA,NA,NA,NA,NA,NA,NA,NA,"peroxisomal transport",NA,29
"500","GO:0043855",1,1,NA,NA,NA,NA,NA,NA,NA,NA,NA,NA,NA,NA,NA,NA,NA,NA,NA,"GO:0005215","GO:0004872",NA,NA,"GO:0015276","GO:0015276","cyclic nucleotide-gated ion channel activity",NA,14
"501","GO:0044085",NA,1,1,NA,NA,"GO:0071840",NA,NA,NA,NA,NA,NA,NA,NA,NA,NA,NA,NA,NA,NA,NA,NA,NA,NA,NA,"cellular component biogenesis",NA,3615
"502","GO:0044238",NA,1,1,NA,NA,"GO:0008152",NA,NA,NA,NA,NA,NA,NA,NA,NA,NA,NA,NA,NA,NA,NA,NA,NA,NA,NA,"primary metabolic process",NA,19263
"503","GO:0044464",1,NA,1,NA,NA,NA,NA,NA,NA,NA,NA,"GO:0005575",NA,NA,NA,NA,NA,NA,NA,NA,NA,NA,NA,NA,NA,"cell part",NA,31263
"504","GO:0044706",NA,1,1,NA,NA,"GO:0032501",NA,NA,NA,NA,NA,NA,NA,NA,NA,NA,NA,NA,NA,NA,NA,NA,NA,NA,NA,"multi-multicellular organism process",NA,208
"505","GO:0044707",NA,1,1,NA,NA,"GO:0032501",NA,NA,NA,NA,NA,NA,NA,NA,NA,NA,NA,NA,NA,NA,NA,NA,NA,NA,NA,"single-multicellular organism process",NA,9169
"506","GO:0045111",1,NA,1,NA,NA,NA,NA,NA,NA,NA,NA,NA,"GO:0044464","GO:0005622",NA,NA,NA,"GO:0005856",NA,NA,NA,NA,NA,NA,NA,"intermediate filament cytoskeleton",51,257
"507","GO:0045177",1,NA,1,NA,NA,NA,NA,NA,NA,NA,NA,NA,"GO:0044464","GO:0044464",NA,NA,NA,NA,NA,NA,NA,NA,NA,NA,NA,"apical part of cell",70,354
"508","GO:0045178",1,NA,1,NA,NA,NA,NA,NA,NA,NA,NA,NA,"GO:0044464","GO:0044464",NA,NA,NA,NA,NA,NA,NA,NA,NA,NA,NA,"basal part of cell",13,46
"509","GO:0045182",1,1,NA,NA,NA,NA,NA,NA,NA,NA,NA,NA,NA,NA,NA,NA,NA,NA,"GO:0003674",NA,NA,NA,NA,NA,NA,"translation regulator activity",6,39
"510","GO:0045202",1,NA,1,NA,NA,NA,NA,NA,NA,NA,NA,"GO:0005575",NA,NA,NA,NA,NA,NA,NA,NA,NA,NA,NA,NA,NA,"synapse",168,868
"511","GO:0045211",1,NA,1,NA,NA,NA,NA,NA,NA,NA,NA,NA,"GO:0045202",NA,NA,NA,NA,NA,NA,NA,NA,NA,NA,NA,NA,"postsynaptic membrane",205,205
"512","GO:0045259",1,NA,1,NA,NA,NA,NA,NA,NA,NA,NA,NA,"GO:0016020","GO:0044464","GO:0005622",NA,NA,NA,NA,NA,NA,NA,NA,NA,NA,"proton-transporting ATP synthase complex",NA,40
"513","GO:0045298",1,NA,1,NA,NA,NA,NA,NA,NA,NA,NA,NA,"GO:0044464",NA,NA,NA,"GO:0005856",NA,NA,NA,NA,NA,NA,NA,NA,"tubulin complex",3,3
"514","GO:0046933",1,1,NA,NA,NA,NA,NA,NA,NA,NA,NA,NA,NA,NA,NA,NA,NA,NA,NA,"GO:0005215","GO:0022857",NA,NA,NA,NA,"proton-transporting ATP synthase activity, rotational mechanism",15,15
"515","GO:0048511",NA,1,1,NA,"GO:0008150",NA,NA,NA,NA,NA,NA,NA,NA,NA,NA,NA,NA,NA,NA,NA,NA,NA,NA,NA,NA,"rhythmic process",52,393
"516","GO:0048512",NA,1,1,NA,NA,"GO:0048511","GO:0007623",NA,NA,NA,NA,NA,NA,NA,NA,NA,NA,NA,NA,NA,NA,NA,NA,NA,NA,"circadian behavior",6,47
"517","GO:0048731",NA,1,1,NA,NA,"GO:0032502",NA,NA,NA,NA,NA,NA,NA,NA,NA,NA,NA,NA,NA,NA,NA,NA,NA,NA,NA,"system development",2,6130
"518","GO:0050789",NA,1,1,NA,"GO:0008150","GO:0065007",NA,NA,NA,NA,NA,NA,NA,NA,NA,NA,NA,NA,NA,NA,NA,NA,NA,NA,NA,"regulation of biological process",NA,20597
"519","GO:0050790",NA,1,1,NA,NA,"GO:0065007","GO:0065009",NA,NA,NA,NA,NA,NA,NA,NA,NA,NA,NA,NA,NA,NA,NA,NA,NA,NA,"regulation of catalytic activity",55,2826
"520","GO:0050828",NA,1,1,NA,NA,"GO:0065007",NA,"GO:0042592",NA,NA,NA,NA,NA,NA,NA,NA,NA,NA,NA,NA,NA,NA,NA,NA,NA,"regulation of liquid surface tension",1,1
"521","GO:0050877",NA,1,1,NA,NA,"GO:0032501","GO:0003008",NA,NA,NA,NA,NA,NA,NA,NA,NA,NA,NA,NA,NA,NA,NA,NA,NA,NA,"neurological system process",8,1606
"522","GO:0050896",NA,1,1,NA,"GO:0008150",NA,NA,NA,NA,NA,NA,NA,NA,NA,NA,NA,NA,NA,NA,NA,NA,NA,NA,NA,NA,"response to stimulus",61,15411
"523","GO:0050909",NA,1,1,NA,NA,"GO:0032501","GO:0003008","GO:0050877","GO:0007600","GO:0007606",NA,NA,NA,NA,NA,NA,NA,NA,NA,NA,NA,NA,NA,NA,NA,"sensory perception of taste",16,71
"524","GO:0051090",NA,1,1,NA,NA,"GO:0065007","GO:0065009",NA,NA,"GO:0006351",NA,NA,NA,NA,NA,NA,NA,NA,NA,NA,NA,NA,NA,NA,NA,"regulation of sequence-specific DNA binding transcription factor activity",25,400
"525","GO:0051098",NA,1,1,NA,NA,"GO:0065007","GO:0065009",NA,NA,NA,NA,NA,NA,NA,NA,NA,NA,NA,NA,NA,NA,NA,NA,NA,NA,"regulation of binding",4,316
"526","GO:0051169",NA,1,1,NA,NA,"GO:0051179",NA,NA,NA,NA,NA,NA,NA,NA,NA,NA,NA,NA,NA,NA,NA,NA,NA,NA,NA,"nuclear transport",4,576
"527","GO:0051179",NA,1,1,NA,"GO:0008150",NA,NA,NA,NA,NA,NA,NA,NA,NA,NA,NA,NA,NA,NA,NA,NA,NA,NA,NA,NA,"localization",NA,9618
"528","GO:0051180",NA,1,1,NA,NA,"GO:0051179",NA,NA,NA,NA,NA,NA,NA,NA,NA,NA,NA,NA,NA,NA,NA,NA,NA,NA,NA,"vitamin transport",5,40
"529","GO:0051189",NA,1,1,NA,NA,"GO:0008152",NA,NA,NA,NA,NA,NA,NA,NA,NA,NA,NA,NA,NA,NA,NA,NA,NA,NA,NA,"prosthetic group metabolic process",NA,14
"530","GO:0051726",NA,1,1,NA,NA,"GO:0009987",NA,"GO:0007049",NA,NA,NA,NA,NA,NA,NA,NA,NA,NA,NA,NA,NA,NA,NA,NA,NA,"regulation of cell cycle",111,1120
"531","GO:0065007",NA,1,1,NA,"GO:0008150",NA,NA,NA,NA,NA,NA,NA,NA,NA,NA,NA,NA,NA,NA,NA,NA,NA,NA,NA,NA,"biological regulation",NA,22332
"532","GO:0065009",NA,1,1,NA,NA,"GO:0065007",NA,NA,NA,NA,NA,NA,NA,NA,NA,NA,NA,NA,NA,NA,NA,NA,NA,NA,NA,"regulation of molecular function",NA,3543
"533","GO:0070271",NA,1,1,NA,NA,"GO:0071840","GO:0044085",NA,NA,NA,NA,NA,NA,NA,NA,NA,NA,NA,NA,NA,NA,NA,NA,NA,NA,"protein complex biogenesis",NA,1629
"534","GO:0071840",NA,1,1,NA,"GO:0008150",NA,NA,NA,NA,NA,NA,NA,NA,NA,NA,NA,NA,NA,NA,NA,NA,NA,NA,NA,NA,"cellular component organization or biogenesis",NA,9380
